chapter,question_type,question,options,answer
0,Single Choice,党的二十大明确提出习近平新时代中国特色社会主义思想的世界观、方法论和贯彻其中的立场观点方法，概况为()。,A. 五个必由之路;B. 六个必须坚持;C. 四个全面;D. 五位一体,B
0,Single Choice,习近平新时代中国特色社会主义思想创立的国际背景是()。,A. 党的自我革命新的境界;B. 中华民族伟大复兴的战略全局;C. 中国式现代化全面推进;D. 世界百年未有的大变局,D
0,Single Choice,在党的第一个百年目标全面建成小康社会实现之后，我们开启( )。,A. 实现全体人民共同富裕的时代;B. 全面建设社会主义现代化国家新征程;C. 进入中国特色社会主义新时代;D. 实现中华民族伟大复兴,B
0,Single Choice,建设中国特色社会主义法治体系、建设社会主义法治国家是全面依法治国的()。,A. 总抓手;B. 总要求;C. 总目标;D. 总任务,C
0,Single Choice,党的十九大明确指出，我国社会主要矛盾已经转化为( )。,A. 人民日益增长的美好生活需要和不平衡不充分的发展之间的矛盾;B. 人民对于建设先进的工业国的要求同落后的农业国的现实之间的矛盾;C. 人民对于经济文化迅速发展的需要同当前经济文化不能满足人民需要的状况之间的矛盾;D. 人民日益增长的物质文化需要同落后的社会生产之间的矛盾,A
0,Single Choice,中国共产党的根本宗旨是( )。,A. 实现中华民族伟大复兴;B. 全心全意为人民服务;C. 维护国家统一及社会和谐稳定;D. 统筹经济社会等各方面发展,B
0,Single Choice,中国特色社会主义最本质的特征是()。,A. 党的领导;B. 政治协商;C. 依法治国;D. 以德治国,A
0,Single Choice,( )把习近平新时代中国特色社会主义思想确立为党必须长期坚持的指导思想写入了党章，实现了党的指导思想的与时俱进。,A. 十八大;B. 十九大;C. 十九届六中全会;D. 十八届四中全会,B
0,Single Choice,习近平同志为核心的党中央团结带领全党全国各族人民，以坚如磐石的战略定力、开拓创新的进取精神，推进党和国家事业取得举世瞩目的伟大成就，开创了中国特色社会主义()。,A. 新时代;B. 新境界;C. 新时期;D. 新阶段,A
0,Single Choice,实现社会主义现代化和中华民族伟大复兴，是坚持和发展中国特色社会主义的()。,A. 总布局;B. 总任务;C. 总依据;D. 总路线,B
0,Single Choice,新时代经过全党的共同努力，我们党找到了跳出治乱兴衰历史周期率的第二个答案，内容是(),A. 社会主义核心价值观;B. 党的自我革命;C. 人民民主;D. 社会主义法治,B
0,Single Choice,习近平新时代中国特色社会主义思想内涵十分丰富，其中主体内容为()。,A. “四个全面”;B. “五位一体”;C. “十个明确”;D. “十四个坚持”,C
0,Single Choice,( )是习近平新时代中国特色社会主义思想的重要组成部分，是在治国理政各方面作出的理论分析和政策指导，构成了新时代坚持和发展中国特色社会主义的基本方略。,A. “四个全面”;B. “五位一体”;C. “六个必须坚持”;D. “十四个坚持”,D
0,Single Choice,习近平新时代中国特色社会主义思想，把马克思主义基本原理同中国具体实际相结，同( )合相结合，使马克思主义这个魂脉和中华优秀传统文化这个根脉内在贯通、相互成就，是中华民族的文化主体性最有力的体现，是中华文化和中国精神的时代精华。,A. 中华优秀传统文化;B. 儒家思想;C. 历史唯物主义;D. 价值观,A
0,Single Choice,( )是马克思主义在当代中国发展的最新理论成果，开辟了马克思主义中国化时代化新境界。,A. “三个代表”重要思想;B. 邓小平理论;C. 毛泽东思想;D. 习近平新时代中国特色社会主义思想,D
0,Multiple Choice,习近平新时代中国特色社会主义思想正是在中华民族迎来从()的伟大飞跃，实现中华民族伟大复兴进入不可逆转的历史进程中创立并不断丰富发展的。,A. 醒起来;B. 富起来;C. 强起来;D. 站起来,BCD
0,Multiple Choice,习近平新时代中国特色社会主义思想创立的时代背景()。,A. 党的自我革命新的境界;B. 中国式现代化全面推进;C. 中华民族伟大复兴的战略全局;D. 世界百年未有的大变局,ABCD
0,Multiple Choice,影响满足人民美好生活需要的因素很多，但主要是发展( )问题。,A. 不够快;B. 不充分;C. 不平衡;D. 不完善,BC
0,Multiple Choice,发展是解决我国一切问题的基础和关键，发展必须是科学发展，必须坚定不移贯彻()。的发展理念。,A. 绿色;B. 创新;C. 开放;D. 协调;E. 共享,ABCDE
0,Multiple Choice,中国特色社会主义必须坚持( )。,A. 理论自信;B. 文化自信;C. 道路自信;D. 制度自信,ABCD
0,Multiple Choice,习近平新时代中国特色社会主义思想，把马克思主义基本原理同( )合相结合的重大成果，是坚持“两个结合”的光辉典范。,A. 中华优秀传统文化;B. 全人类共同价值;C. 儒家思想;D. 中国具体实际,AD
0,Multiple Choice,中国特色社会主义事业的总体布局包括( )。,A. 文化建设;B. 经济建设;C. 社会建设;D. 生态文明建设;E. 政治建设,ABCDE
0,Multiple Choice,以下对坚持和发展中国特色社会主义基本方略的“十四个坚持”理解正确的是( )。,A. 是习近平个人思想的结晶;B. 是新时代中国特色社会主义基本方略;C. 是习近平新时代中国特色社会主义思想的重要组成部分;D. 是在治国理政方面作出的理论分析和政策指导,BCD
0,Multiple Choice,习近平新时代中国特色社会主义思想内涵十分丰富，其中最重要、最核心的内容就是党的十九大报告概括的“十个明确”。“十个明确”( )。,A. 回答的是新时代坚持和发展什么样的中国特色社会主义的问题;B. 回答的是新时代怎样坚持和发展中国特色社会主义的问题;C. 是行动纲领层面的表述;D. 是指导思想层面的表述,AD
0,Multiple Choice,中国特色社会主义事业的战略布局包括( )。,A. 全面建设社会主义现代化国家;B. 全面深化改革;C. 全面从严治党;D. 全面依法治国,ABCD
0,Multiple Choice,习近平新时代中国特色社会主义思想是( )。,A. 当代中国马克思主义;B. 马克思主义中国化的新飞跃;C. 马克思主义中国化最新成果;D. 21世纪马克思主义,ABCD
0,Multiple Choice,习近平新时代中国特色社会主义思想指导我们党团结带领全国各族人民，统揽()，开创了中国特色社会主义新时代。,A. 伟大梦想;B. 伟大斗争;C. 伟大事业;D. 伟大工程,ABCD
0,Multiple Choice,习近平新时代中国特色社会主义思想是( )的集中体现。,A. 人民意志;B. 群众意志;C. 国家意志;D. 党的意志,ACD
0,Multiple Choice,坚持党对人民军队的决定领导，要建设一支( )的人民军队。,A. 能打胜仗;B. 机械化;C. 听党指挥;D. 作风优良,ACD
0,Multiple Choice,以下属于习近平新时代中国特色社会主义思想世界观和方法论的是( )。,A. 坚持人民至上;B. 坚持问题导向;C. 坚持自信自立;D. 坚持守正创新,ABCD
0,True or False,“两个确立”，是党在新时代取得的重大政治成果，对新时代党和国家事业发展、对推进中华民族伟大复兴历史进程具有决定性意义。,A. 对;B. 错,A
0,True or False,新时代我国主要矛盾发生了变化，这就意味着当前我国社会主义初级阶段的基本国情发生了改变。,A. 对;B. 错,B
0,True or False,党的十八大以来，中国特色社会主义进入新时代，这是中国发展崭新的历史方位。,A. 对;B. 错,A
0,True or False,习近平新时代中国特色社会主义事业的战略布局是“四个全面”。,A. 对;B. 错,A
0,True or False,坚持把马克思主义基本原理同中国具体实际相结合、同中华优秀传统文化相结合，是习近平新时代中国特色社会主义思想坚持的基本方法。,A. 对;B. 错,A
1,Single Choice,经过长期努力，中国特色社会主义进入新时代，这是我国发展新的( )。,A. 历史地位;B. 历史方位;C. 历史阶段;D. 历史时期,B
1,Single Choice,( )是习近平新时代中国特色社会主义思想的核心要义。,A. 坚持马克思主义;B. 坚持党的领导;C. 坚持人民民主专政;D. 坚持和发展中国特色社会主义,D
1,Single Choice,党的基本理论、基本路线、基本方略，事关党的前途命运，事关中国特色社会主义事业兴衰成败。( )是坚持和发展中国特色社会主义的行动指南。,A. 党的基本方略;B. 党的基本路线;C. 党的基本理论;D. 党的指导原则,C
1,Single Choice,新时代十年的伟大变革，在党史、新中国史、改革开放史、社会主义发展史、( )上具有里程碑意义。,A. 社会主义建设史;B. 中华民族发展史;C. 共和国史;D. 人类文明发展史,B
1,Single Choice,“四个自信”中，道路是实现途径，理论体系是行动指南，制度是根本保障，文化是精神力量，四者统一于( )。,A. 中华民族伟大复兴;B. 中国共产党的领导;C. 中国特色社会主义道路;D. 社会主义伟大实践,D
1,Single Choice,党的十八大以来，我们党的全部理论和实践探索都是围绕( )这个主题来展开、深化和拓展的。,A. 坚持和发展中国特色社会主义;B. 什么是社会主义，怎样建设社会主义;C. 实现什么样发展，怎样发展;D. 建设一个什么样的党，怎样建设党,A
1,Single Choice,从全面建设社会主义现代化国家进程的阶段安排看来，到2035年，我国将( )。,A. 把我国建设成为富强美丽文明和谐的社会现代化强国;B. 基本实现社会主义现代化;C. 实现中华民族伟大复兴的中国梦;D. 全面建成小康社会,B
1,Single Choice,中国特色社会主义的总体布局是( )。,A. “六位一体”;B. “四位一体”;C. “三位一体”;D. “五位一体”,D
1,Single Choice,综合分析国际国内形势和我国发展条件，党的十九大提出我们要全面建成小康社会，实现第一个百年奋斗目标，然后再乘势而上开启( )新征程。,A. 基本实现社会主义现代化;B. 全面建设社会主义现代化国家;C. 全面建成小康社会;D. 中国特色 社会主义事业,B
1,Single Choice,进入新时代的重要依据是( )。,A. 社会主要矛盾变化;B. 社会基本矛盾变化;C. 发展的不平衡;D. 发展的不充分,A
1,Single Choice,中国特色社会主义的战略布局是( )。,A. “十个明确”;B. “十四个坚持”;C. “五位一体”;D. “四个全面”,D
1,Single Choice,坚持和发展中国特色社会主义，总任务是( )。,A. 建设中国特色社会主义法治体系、建设社会主义法治国家;B. 建设一支听党指挥、能打胜仗、作风优良的人民军队，把人民军队建设成为世界一流军队;C. 完善和发展中国特色社会主义制度、推进国家治理体系和治理能力现代化;D. 实现社会主义现代化和中华民族伟大复兴，在全面建成小康社会的基础上，分两步走在本世纪中叶建成富强民主文明和谐美丽的社会主义现代化强国,D
1,Single Choice,中华民族迎来了从站起来、富起来、强起来的伟大飞跃，实现( )进入了不可逆转的历史进程。,A. 全面推进乡村振兴;B. 建设社会主义现代化;C. 中华民族伟大复兴;D. 全面建成小康社会,C
1,Single Choice,“四个全面”战略布局既有战略目标又有战略举措，每个“全面”之间具有紧密的内在逻辑，是一个整体战略部署的有序展开。( )是战略目标，在“四个全面”中居于引领地位。,A. 全面建设社会主义现代化国家;B. 全面深化改革;C. 全面依法治国;D. 全面从严治党,A
1,Single Choice,要按照“五位一体”总体布局的整体性目标要求，坚持以( )为中心，努力推动社会主义物质文明、政治文明、精神文明、社会文明、生态文明协调发展，不断推进和拓展中国式现代化，不断丰富和发展人类文明新形态。,A. 政治建设;B. 经济建设;C. 文化建设;D. 社会文明,B
1,Multiple Choice,习近平新时代中国特色社会主义思想深刻阐发了以伟大建党精神为源头的中国共产党人的精神谱系，以及中国人民的( )精神，为实现中华民族伟大复兴提供了精神力量。,A. 伟大创造;B. 伟大团结;C. 伟大奋斗;D. 伟大梦想,ABCD
1,Multiple Choice,中国共产党为什么能，中国特色社会主义为什么好，归根到底是( )。,A. 马克思主义行;B. 获得广大人民的支持;C. 中国化时代化的马克思主义行;D. 共产党领导的好,AC
1,Multiple Choice,中国特色社会主义事业总体布局是“五位一体”、战略布局是“四个全面”，强调坚定( )。,A. 制度自信;B. 道路自信;C. 理论自信;D. 文化自信,ABCD
1,Multiple Choice,中国特色社会主义新时代，( )。,A. 是全国各族人民团结奋斗、不断创造美好生活、逐步实现全体人民共同富裕的时代;B. 是承前启后、继往开来，在新的历史条件下继续夺取中国特色社会主义伟大胜利的时代;C. 是决胜全面建成小康社会、进而全面建设社会主义现代化强国的时代;D. 全体中华儿女勠力同心、奋力实现中华民族伟大复兴中国梦的时代,ABCD
1,Multiple Choice,中国特色社会主义是( )。,A. 是根植于中国大地、反映中国人民意愿、适应中国和时代发展进步要求的社会主义;B. 是统揽伟大斗争、伟大工程、伟大事业、伟大梦想的社会主义;C. 是中国特色社会主义道路、理论、制度、文化四位一体的社会主义;D. 既坚持科学社会主义基本原则，又具有鲜明实践特色、理论特色、民族特色、时代特色的社会主义,ABCD
1,Multiple Choice,习近平指出：“中国特色社会主义，( )，是近代以来中国社会发展的必然选择，是历史和人民的选择。”,A. 凝聚着全国各族人民的奋斗和实践;B. 凝聚着千千万万革命先烈的奋斗和牺牲;C. 寄托着无数仁人志士的意愿和期盼;D. 承载着几代中国共产党人的理想和探索,ABCD
1,Multiple Choice,二十大报告指出，十年来，我们经历了对党和人民事业具有重大现实意义和深远历史意义的三件大事：( ),A. 完成脱贫攻坚、全面建成小康社会的历史任务，实现第一个百年奋斗目标;B. 中国特色社会主义进入新时代;C. 迎来中国共产党成立一百周年;D. 全面建设社会主义现代化国家,ABC
1,Multiple Choice,中国特色社会主义进入新时代的意义在于( )。,A. 意味着共产主义社会的实现;B. 意味着中华民族迎来了从站起来、富起来到强起来的伟大飞跃;C. 意味着拓展了发展中国家走向现代化的途径，为解决人类问题贡献了中国智慧和中国方案;D. 意味着科学社会主义在二十一世纪的中国焕发出强大生机活力,BCD
1,Multiple Choice,改革开放以来我们取得一切成绩和进步的根本原因，归结起来就是( )。,A. 形成了中国特色社会主义理论体系;B. 确立了中国特色社会主义制度;C. 开辟了中国特色社会主义道路;D. 发展了中国特色社会主义文化,ABCD
1,Multiple Choice,习近平指出：“中国特色社会主义，既坚持了( )基本原则，又根据( )赋予其鲜明的中国特色。”,A. 特色社会主义;B. 时代条件;C. 科学社会主义;D. 现实基础,BC
1,Multiple Choice,影响满足人民美好生活需要的因素很多，但主要是发展( )问题。,A. 不充分;B. 不完善;C. 不够快;D. 不平衡,AD
1,Multiple Choice,党在社会主义初级阶段的基本路线是：领导和团结全国各族人民，以经济建设为中心，( )，为把我国建设成为富强民主文明和谐美丽的社会主义现代化强国而奋斗。,A. 坚持改革开放;B. 自力更生;C. 艰苦创业;D. 坚持四项基本原则,ABCD
1,Multiple Choice,中国共产党领导中国人民开创的中国特色社会主义是( )。,A. 在改革开放40多年的伟大实践中得来的;B. 在党领导人民进行伟大社会革命100多年的实践中得来的;C. 在对近代以来180多年中华民族发展历程的深刻总结中走出来的;D. 在中华人民共和国成立70多年的持续探索中得来的,ABCD
1,Multiple Choice,新时代中国特色社会主义是我们党领导人民进行伟大社会革命的成果，也是我们党领导人民进行伟大社会革命的继续，必须一以贯之进行下去。要全面贯彻党的( )，统筹推进“五位一体”总体布局和协调推进“四个全面”战略布局，以咬定青山不放松的定力持续奋斗，谱写新时代中国特色社会主义更加绚丽的华章。,A. 基本理论;B. 基本方略;C. 基本路线;D. 基本政策,ABC
1,Multiple Choice,我国社会主要矛盾的变化( )。,A. 没有改变我们对我国社会主义所处历史阶段的判断;B. 以上都正确;C. 我国是世界最大发展中国家的国际地位没有变;D. 我国仍处于并将长期处于社会主义初级阶段的基本国情没有变,ABCD
1,True or False,中国特色社会主义进入新时代，是中国和世界关系发生新变化的反映。,A. 对;B. 错,A
1,True or False,党的十八大以来，中国特色社会主义进入新时代，这是我国发展新的历史地位。,A. 对;B. 错,B
1,True or False,社会主义发展道路从来都不是笔直的，始终充满着险阻曲折，需要依靠顽强斗争打开事业发展新天地。,A. 对;B. 错,A
1,True or False,中国特色社会主义道路自信、理论自信、制度自信、文化自信，来源于实践、来源于人民、来源于真理。,A. 对;B. 错,A
1,True or False,我们党领导人民进行社会主义建设，有改革开放前和改革开放后两个历史时期，两个时期毫不相关。,A. 对;B. 错,B
2,Single Choice,我们坚持把(  )作为现代化建设的出发点和落脚点，着力维护和促进社会公平正义，着力促进全体人民共同富裕，坚决防止两极分化。,A. 建设人类精神家园;B. 社会稳定安宁;C. 提升人民生活水平;D. 实现人民对美好生活的向往,D
2,Single Choice,全面建成社会主义现代化强国的战略安排，把基本实现社会主义现代化的时间提前了( )年。,A. 25年;B. 15年;C. 35年;D. 10年,B
2,Single Choice,党的(  )提出新的“三步走”发展战略，明确到2010年使人民的小康生活更加宽裕。经过长期不懈努力，20世纪末，人民生活总体上达到小康水平的目标如期实现。,A. 十三大;B. 十五大;C. 十二大;D. 十六大,B
2,Single Choice,( )首次把“小康”作为经济建设总的奋斗目标。,A. 党的十一届三中全会;B. 党的十七大;C. 党的十五大;D. 党的十二大,D
2,Single Choice,2021年中国实现了9899万农村贫困人口全部脱贫，832个贫困县全部摘帽，12.8万个贫困村全部出列，区域性整体贫困得到解决，完成了消除( )的艰巨任务。,A. 绝对贫困;B. 整体贫困;C. 区域贫困;D. 相对贫困,A
2,Single Choice,新时代新征程中国共产党的(  )，就是团结带领全国各族人民全面建成社会主义现代化强国、实现第二个百年奋斗目标。,A. 中心任务;B. 根本任务;C. 根本目的;D. 重要目标,A
2,Single Choice,从全面建设社会主义现代化国家进程的阶段安排看来，到2035年，我国将( )。,A. 基本实现社会主义现代化;B. 实现中华民族伟大复兴的中国梦;C. 把我国建设成为富强美丽文明和谐的社会现代化强国;D. 全面建成小康社会,A
2,Single Choice,实现社会主义现代化和中华民族伟大复兴，在全面建成小康社会的基础上，分两步走在本世纪中叶建成富强民主文明和谐美丽的社会主义现代化强国，这是(  )。,A. 坚持和发展中国特色社会主义的总依据;B. 坚持和发展中国特色社会主义的总任务;C. 坚持和发展中国特色社会主义的总安排;D. 坚持和发展中国特色社会主义的总布局,B
2,Single Choice,以下不属于中国式现代化本质要求的是(    )。,A. 实现高质量发展;B. 全面建成小康社会;C. 坚持中国共产党领导;D. 促进人与自然和谐共生,B
2,Single Choice,以中国式现代化全面推进中华民族伟大复兴是一次新的长征，前途光明，任重道远。前进道路上，必须牢牢把握五个重大原则。以下表述中不属于五个重大原则的是(  )。,A. 坚持深化改革开放;B. 坚持全面依法治国;C. 坚持发扬斗争精神;D. 坚持以人民为中心的发展思想,B
2,Single Choice,一百年来，中国共产党团结带领中国人民进行的一切奋斗、一切牺牲、一切创造，归结起来就是一个主题()。,A. 建立新中国;B. 追求共同富裕;C. 实现人民对美好生活的向往;D. 实现中华民族伟大复兴,D
2,Single Choice,中国梦的本质是(   )。,A. 国家富强、民族振兴、人民幸福;B. 政治昌明、经济发展、社会和谐;C. 人民幸福、民族复兴、世界大同;D. 民主健全、科教进步、生态良好,A
2,Single Choice,改革开放之初，()同志首先用“小康”来诠释中国式现代化，明确提出到20世纪末“在中国建立一个小康社会”的奋斗目标。,A. 邓小平;B. 毛泽东;C. 习近平;D. 江泽民,A
2,Single Choice,改革开放后，面对唱衰中国的舆论在国际上不绝于耳，各式各样针对中国的“崩溃论”“失败论”从来没有中断过，中国非但没有崩溃，反而综合国力与日俱增，创造了世所罕见的两大奇迹:一是经济快速发展奇迹;二是(  )奇迹。,A. 人民幸福指数;B. 平均寿命提高;C. 物质财富丰富;D. 社会长期稳定,D
2,Single Choice,2021年7月1日，习近平在天安门城楼上庄严宣告，经过全党全国各族人民持续奋斗，我们实现了( )。,A. 社会主义现代化国家;B. 中华民族伟大复兴;C. 第一个百年奋斗目标;D. 社会主义现代化强国,C
2,Multiple Choice,中国共产党一经诞生，就把()确立为自己的初心使命。,A. 为中国人民谋幸福;B. 为党政干部谋发展;C. 为世界人民谋和平;D. 为中华民族谋复兴,AD
2,Multiple Choice,中国式现代化()。,A. 深深植根于中华优秀传统文化;B. 是一种全新的人类文明形态，但不可复制;C. 体现科学社会主义的先进本质;D. 代表人类文明进步的发展方向;E. 借鉴吸收一切人类优秀文明成果,ACDE
2,Multiple Choice,推进中国式现代化需要正确处理的重大关系是()。,A. 正确处理守正与创新的关系;B. 正确处理效率与公平的关系;C. 正确处理战略与策略的关系;D. 正确处理自立自强与对外开放的关系;E. 正确处理顶层设计与实践探索的关系,ABCDE
2,Multiple Choice,中国式现代化的特征是(  )。,A. 人与自然和谐共生的现代化;B. 物质文明和精神文明相协调的现代化;C. 全体人民共同发展的现代化;D. 人口规模巨大的现代化;E. 走和平发展道路的现代化,ABDE
2,Multiple Choice,按照“十四五”规划，到2035年我国将基本实现( )，建成现代化经济体系。,A. 城镇化;B. 农业现代化;C. 新型工业化;D. 信息化,ABCD
2,Multiple Choice,中国式现代化是人与自然和谐共生的现代化。我们坚持可持续发展，坚持( )为主的方针。,A. 节约优先;B. 人工干预;C. 保护优先;D. 自然恢复,ACD
2,Multiple Choice,我们确立了“两个一百年”奋斗目标，就是( )。,A. 到2020年实现国内生产总值和城乡居民人均收入比2010年翻一番，全面建成小康社会;B. 到2025年，实现工业强国目标;C. 到2035年，基本建成社会主义现代化国家;D. 到本世纪中叶建成富强民主文明和谐美丽的社会主义现代化国家，实现中华民族伟大复兴,AD
2,Multiple Choice,我国发展具有诸多过去难以想象的战略性有利条件，指的是( )。,A. 有中国特色社会主义制度的显著优势;B. 有长期稳定的社会环境;C. 有中国共产党的坚强领导;D. 有自信自强的精神力量;E. 有持续快速发展积累的坚实基础,ABCDE
2,Multiple Choice,中国梦是( )的梦，与世界各国人民的美好梦想相通。,A. 共赢;B. 发展;C. 和平;D. 合作,ABCD
2,Multiple Choice,中国梦的本质是()。,A. 民族振兴;B. 社会和谐;C. 国家富强;D. 人民幸福,ACD
2,Multiple Choice,党的二十大指出，新时代新征程中国共产党的中心任务，就是( )。,A. 以中国式现代化全面推进中华民族伟大复兴;B. 团结带领全国各族人民全面建成社会主义现代化强国;C. 贯彻新发展理念，促进高质量发展;D. 实现第二个百年奋斗目标,ABD
2,Multiple Choice,全面建成小康社会，强调的不仅是“小康”，更重要、更难做到的是“全面”。“小康”讲的是发展水平，“全面”讲的是发展的( )。,A. 主动性;B. 可持续性;C. 平衡性;D. 协调性,BCD
2,Multiple Choice,中华民族伟大复兴不是轻轻松松、敲锣打鼓就能实现的，必须充分认识实现中华民族伟大复兴的( )。,A. 连续性;B. 艰巨性;C. 长期性;D. 复杂性,BCD
2,Multiple Choice,中国式现代化的本质要求是( )。,A. 实现高质量发展;B. 发展全过程人民民主;C. 坚持中国共产党领导;D. 坚持中国特色社会主义;E. 实现全体人民共同富裕,ABCDE
2,Multiple Choice,党的十九大报告中提出全面建设社会主义现代化国家的进程分两个阶段来安排()。,A. 第二个阶段，从2035年到本世纪中叶，在基本实现现代化的基础上，再奋斗15年，把我国建成富强民主文明和谐美丽的社会主义现代化强国;B. 第一阶段，从2017年到2037年在全面建成小康社会的基础上，再奋斗15年，基本实现社会主义现代化;C. 第二个阶段，从2037年到本世纪中叶在基本实现现代化的基础上，再奋斗15年，把我国建成富强民主文明和谐美丽的社会主义现代化强国;D. 第一个阶段，从2020年到2035年，在全面建成小康社会的基础上，再奋斗15年，基本实现社会主义现代化,AD
2,True or False,独立自主是我们立党立国的重要原则，对外开放是我国的基本国策。推进中国式现代化，必须坚持独立自主、自立自强。,A. 对;B. 错,A
2,True or False,中国式现代化为广大发展中国家探索现代化道路提供了全新选择。,A. 对;B. 错,A
2,True or False,团结奋斗是中国共产党和中国人民最显著的精神标识，是中国人民创造历史伟业的必由之路。,A. 对;B. 错,A
2,True or False,全面建成小康社会，更重要、更难做到的是“小康”。,A. 对;B. 错,B
2,True or False,中国式现代化创造了人类文明新形态，为人类实现现代化提供了新的选择。,A. 对;B. 错,A
3,Single Choice,历史和现实证明，(   )就没有中国特色社会主义的产生与发展。,A. 没有中国共产党的监督;B. 没有中国共产党的指导;C. 没有中国共产党的组织;D. 没有中国共产党的领导,D
3,Single Choice,中国共产党以(  )作为行动指南，在实践中不断推进马克思主义中国化时代化，为坚持和完善中国特色社会主义制度提供强大理论优势。,A. 马克思主义;B. 人民共同富裕;C. 马克思主义中国化时代化;D. 如期全面建成小康社会,A
3,Single Choice,维护(  )，是一个成熟的马克思主义执政党的重大建党原则。,A. 党中央权威和集中统一领导;B. 中国特色社会主义制度;C. 全面依法治国;D. 人民当家作主,A
3,Single Choice,中国共产党是以( )为根本组织原则和领导制度。,A. 民主集中制;B. 党章;C. 政治纪律;D. 群众路线,A
3,Single Choice,(  )是实现中华民族伟大复兴的根本保证。,A. 人民当家作主;B. 中国共产党领导;C. 社会主义法治国家;D. 社会主义基本制度,B
3,Single Choice,中国共产党领导是国家治理体系的核心，(  )是中国特色社会主义制度建设的关键。,A. 社会主义制度;B. 民主集中制;C. 人民代表大会制度;D. 党的领导制度,D
3,Single Choice,(  )是中国特色社会主义制度优势的主要来源。,A. 中国共产党的自身优势;B. “两个一百年”;C. 社会主义改革开放;D. 科学社会主义,A
3,Single Choice,没有共产党就没有新中国的作者是( )。,A. 田汉;B. 曹火星;C. 冼星海;D. 贺敬之,B
3,Single Choice,(  )是马克思主义政党第一位的能力。,A. 思想引领力;B. 政治领导力;C. 社会号召力;D. 群众组织力,B
3,Single Choice,(  )是中国特色社会主义事业的坚强领导核心。,A. 人民;B. 中国共产党;C. 知识分子;D. 工人阶级,B
3,Single Choice,(  )将党的领导制度明确为我国根本领导制度。,A. 党的十九届三中全会;B. 党的十九届五中全会;C. 党的十九届四中全会;D. 党的十九大,C
3,Single Choice,(  )是中国特色社会主义最本质的特征。,A. “五位一体”总体布局;B. 以人为本;C. 中国共产党的领导;D. 以经济建设为中心,C
3,Single Choice,习近平指出:“一定要认清，中国最大的国情就是( )。什么是中国特色?这就是中国特色。”,A. 吃饭是个山大的问题;B. 人均GDP世界第二;C. 人口14亿;D. 中国共产党的领导,D
3,Single Choice,中国共产党是以(  )为根本组织原则和领导制度的马克思主义政党。,A. 社会主义;B. 政治协商制度;C. 民主集中制;D. 党内监督,C
3,Single Choice,党的领导制度是我国的( )领导制度。,A. 重要;B. 根本;C. 政策策略;D. 基本,B
3,Single Choice,维护党中央权威和集中统一领导，最关键的是( )。,A. 修改党章，加强党中央权力;B. 坚决维护习近平同志党中央的核心、全党的核心地位;C. 实行民主集中制;D. 严明政治纪律,B
3,Single Choice,( )是党的领导的最高原则，是党保持团结统一和强大战斗力的关键所在。,A. 党中央集中统一领导;B. 实事求是;C. 群众路线;D. 民主集中制,A
3,Multiple Choice,党的领导是( )，必须贯穿到治国理政的方方面面。,A. 系统的;B. 整体的;C. 全面的;D. 多层次的,ABC
3,Multiple Choice,党是最高政治领导力量，这是由我国(  )和( )所决定的。,A. 国家性质;B. 政治制度体系;C. 经济基础;D. 经济制度,AB
3,Multiple Choice,全面加强党的领导，( )。,A. 胜利实现了全面建成小康社会的战略目标;B. 在反腐败、脱贫攻坚等重大斗争中，党的全面领导的优势得到充分彰显;C. 开启了全面建设社会主义现代化国家新征程。;D. 使我们有效应对严峻复杂的国际形势和接踵而至的巨大风险挑战;E. 有力推进了党和国家各项事业的顺利发展,ABCDE
3,Multiple Choice,党章规定的民主集中制要求(  )。,A. 下级组织服从上级组织;B. 党员个人服从党的组织;C. 全党各个组织和全体党员服从党的全国代表大会和中央委员会;D. 少数服从多数,ABCD
3,Multiple Choice,中国共产党是中国特色社会主义事业的(  )。,A. 开创者;B. 推动者;C. 发动者;D. 引领者,ABD
3,Multiple Choice,中国共产党领导是中国特色社会主义最本质的特征，( )。,A. 这是在近代以来中国历史发展中形成的;B. 这决定了中国特色社会主义其他特点和特征;C. 这是实现中华民族伟大复兴历史任务决定的;D. 这是由中国最广大人民根本利益决定的,ABCD
3,Multiple Choice,坚持党的全面领导，自觉在思想上政治上行动上同党中央保持高度一致，坚决做到“两个维护”，即( )。,A. 坚决维护人民在国家治理中的主体地位。;B. 坚决维护党中央的理论、路线、方针、政策;C. 坚决维护习近平总书记党中央的核心、全党的核心地位。;D. 坚决维护党中央的权威和集中统一领导,CD
3,Multiple Choice,坚持和完善党的领导，是( )。,A. 全国各族人民的利益所在、幸福所在;B. 中国特色社会主义制度的最大优势;C. 中国特色社会主义最本质的特征;D. 党和国家的根本所在、命脉所在,ABCD
3,Multiple Choice,中国特色社会主义之所以是社会主义，究其根本就在于(  )。,A. 坚持按劳分配;B. 坚持科学社会主义基本原则;C. 坚持中国共产党的领导;D. 坚持社会主义市场经济体制,BC
3,Multiple Choice,维护党的中央的权威和集中统一领导是( )。,A. 党的领导的最高原则;B. 是全党共同的政治责任;C. 是党保持团结统一和强大战斗力、不断取得胜利的关键所在;D. 是党和国家事业发展的必然要求。,ABCD
3,Multiple Choice,坚持和加强党的全面领导，使党的( )显著增强.,A. 社会号召力;B. 思想引领力;C. 政治领导力;D. 群众组织力,ABCD
3,Multiple Choice,确保党始终总揽全局、协调各方，必须增强政治意识( )，自觉维护党中央权威和集中统一领导，自觉在思想上政治上行动上同党中央保持高度一致。,A. 中心意识;B. 核心意识;C. 看齐意识;D. 大局意识,BCD
3,Multiple Choice,党的领导是全面的，体现在(  )。,A. 领导过程要全面;B. 领导内容要全面;C. 领导方法要全面;D. 领导对象要全面覆盖,ABCD
3,Multiple Choice,党的领导制度是一个系统完备、内涵丰富的制度体系，主要包括( )。,A. 完善坚定维护党中央权威和集中统一领导的各项制度.;B. 完善全面从严治党制度;C. 建立不忘初心、牢记使命的制度;D. 健全为人民执政、靠人民执政各项制度,ABCD
3,Multiple Choice,健全党的全面领导制度，必须( )。,A. 必须完善党协调各方的机制;B. 必须完善党在各种组织中发挥领导作用的制度;C. 必须完善党领导各项事业的具体制度;D. 必须完善人民代表大会制度,ABC
3,True or False,加强和维护党中央权威和集中统一领导，是全党共同的政治责任，是党和国家事业发展的必然要求。,A. 对;B. 错,A
3,True or False,党的领导是全面的，所以，党组织包揽包办一切事情。,A. 对;B. 错,B
3,True or False,坚持党中央权威和集中统一领导，就可以不讲民主集中制。,A. 对;B. 错,B
3,True or False,坚持和完善党的领导，是党和国家的根本所在、命脉所在，是全国各族人民的利益所在、幸福所在。,A. 对;B. 错,A
3,True or False,党的全面领导既坚持党的集中统一领导原则，坚持党是最高政治领导力量，又坚持民主集中制、发扬党内民主，坚持党的领导与人民当家作主、依法治国有机统一。,A. 对;B. 错,A
4,Single Choice,( )胜利是靠老百姓用小推车推出来的。,A. 辽沈战役;B. 平津战役;C. 淮海战役;D. 渡江战役,C
4,Single Choice,党依靠()，推动党和国家事业发生历史性变革、取得历史性成就，推动中国特色社会主义进入新时代。,A. 民族;B. 国家;C. 单位;D. 人民,D
4,Single Choice,实现全体人民共同富裕的宏伟目标，最终靠的是( )。,A. 革命;B. 发展;C. 伟大斗争;D. 人民,B
4,Single Choice,( )是我们党执政的最大底气，也是党执政最为深厚的根基。,A. 无产阶级专政;B. 以人民为中心;C. 群众路线;D. 人民,D
4,Single Choice,( )是中国共产党的根本政治立场，是马克思主义政党区别于其他政党的显著标志。,A. 人民立场;B. 历史唯物主义;C. 英雄;D. 辩证唯物主义,A
4,Single Choice,( )是中国特色社会主义的本质要求，是中国式现代化的重要特征。,A. 区域协调发展;B. 公平正义;C. 共同富裕;D. 发展生产力,C
4,Single Choice,共同富裕是一个长远目标，需要一个过程，不可能一蹴而就，到本世纪中叶()。,A. 全体人民共同富裕迈出坚实步伐;B. 全体人民共同富裕基本实现;C. 全体人民共同富裕全面实现;D. 全体人民共同富裕取得更为明显的实质性进展,B
4,Single Choice,( )是最大的政治，决定事业兴衰成败。,A. 现代化建设;B. 民生;C. 民族复兴;D. 民心,D
4,Single Choice,( )始终是党的生命线和根本工作路线，是我们党永葆青春活力和战斗力的重要传家宝。,A. 实事求是;B. 独立自主;C. 群众路线;D. 解放思想,C
4,Single Choice,中国共产党的奋斗史是一部( )的历史。,A. 阶级斗争;B. 为人民谋幸福;C. 不断深化改革、扩大开放;D. 自我革命,B
4,Single Choice,我们深入贯彻以人民为中心的发展思想，在幼有所育、学有所教、劳有所得、病有所医、老有所养、住有所居、弱有所扶上持续用力，人民生活全方位改善。人民群众获得感、幸福感、安全感更加充实、更有保障、更可持续，( )取得新成效。,A. 共同富裕;B. 社会主义经济建设;C. 共建共享;D. 社会主义现代化建设,A
4,Single Choice,我们党发展壮大的一条重要经验，始终把政治智慧的增长、执政本领的增强深深扎根于( )。,A. 中国优秀的传统文化;B. 科学的理论;C. 历史的经验;D. 人民的创造性实践中,D
4,Single Choice,我们坚持把( )作为现代化建设的出发点和落脚点。,A. 发展生产力;B. 党的领导地位;C. 实现人民对美好生活的向往;D. 发展全过程人民民主,C
4,Single Choice,马克思主义政党始终将( )作为自己的最高利益。,A. 特殊利益集团;B. 特殊权势群体;C. 最广大人民群众的根本利益;D. 特权阶层,C
4,Single Choice,下面哪句话体现了习近平总书记的人民情怀( )。,A. 一定鞠躬尽瘁、死而后已，一定做到“苟利国家生死以，岂因祸福避趋之”;B. 我将无我，不负人民;C. 我是人民的儿子，我深情的爱着我的祖国和人民;D. 先天下之忧而忧，后天下之乐而乐,B
4,Multiple Choice,治国有常，利民为本。为民造福是( )、( )的本质要求。,A. 国家富强;B. 立党为公;C. 民族复兴;D. 执政为民,BD
4,Multiple Choice,以人民为中心是我们党( )、( )的生动体现，是( )的时代彰显。,A. 全心全意为人民服务;B. 执政为民;C. 立党为公;D. 国家性质,ABC
4,Multiple Choice,贯彻党的群众路线，( )是基础、是前提，( )是重点、是关键。,A. 调查;B. 落实;C. “行”;D. “知”,CD
4,Multiple Choice,中国共产党从来不代表()，()，()，这是中国共产党立于不败之地的根本所在。,A. 任何少数群体的利益;B. 任何特权阶层的利益;C. 任何利益集团的利益;D. 任何权势团体的利益,BCD
4,Multiple Choice,不忘初心、牢记使命，说到底是( )、( )的问题。,A. 为什么人;B. 靠什么人;C. 服务谁;D. 联系谁,AB
4,Multiple Choice,人民是我们党的( )、( )、( )。,A. 成功之本;B. 生命之根;C. 力量之源;D. 执政之基,BCD
4,Multiple Choice,坚持人民立场，就要()、()、()。,A. 尊重人民;B. 依靠人民;C. 热爱人民;D. 敬畏人民,ACD
4,Multiple Choice,以人民为中心的发展思想，不是高高在上的宣传口号，绝对不能只停留在口头上，要全方位贯穿于经济社会发展的各个环节，体现在人民群众()、()、()的扎实提升上。,A. 正义感;B. 安全感;C. 幸福感;D. 获得感,BCD
4,Multiple Choice,人民是历史的创造者，是决定党和国家前途命运的根本力量。我们党()人民、()人民、( )人民，一旦脱离群众，就会失去生命力。,A. 依靠;B. 来自;C. 植根;D. 服务,BCD
4,Multiple Choice,坚持以人民为中心的发展思想，就要在高质量发展中促进共同富裕，做到发展( )、发展( )、发展( )。,A. 成果由人民共享;B. 为了人民;C. 依靠人民;D. 服务人民,ABC
4,Multiple Choice,党的执政水平和执政成效都不是由自己说了算， 必须而且只能由人民来评判，最终都要看人民是否真正得到了( )，人民生活是否真正得到( )，人民权益是否真正得到了( ) 。,A. 实惠;B. 保障;C. 利益;D. 改善,ABD
4,Multiple Choice,不论过去、现在和将来，我们都要坚持()，()，()，把党的正确主张变为群众的自觉行动。,A. 发展成果同群众共享;B. 一切为了群众;C. 从群众中来、到群众中去;D. 一切依靠群众,BCD
4,Multiple Choice,中国共产党()在人民、()在人民、()在人民。,A. 力量;B. 血脉;C. 立场;D. 根基,ABD
4,Multiple Choice,中国共产党摆脱了以往一切政治力量追求()的局限，一经诞生就把()、()确立为自己的初心使命。,A. 国家整体利益;B. 为中国人民谋幸福;C. 自身特殊利益;D. 为中华民族谋复兴,BCD
4,Multiple Choice,进入新时代，人民美好生活需要日益广泛，不仅对(  )提出了更高要求，而且在( )、法治、( )、正义、( )、环境等方面的要求日益增长。,A. 物质文化生活;B. 安全;C. 民主;D. 公平,ABCD
4,True or False,统一战线始终是党的生命线和根本工作路线，是我们党永葆青春活力和战斗力的重要传家宝。,A. 对;B. 错,B
4,True or False,我们说的共同富裕是全体人民共同富裕，是人民群众物质生活和精神生活都富裕，是整齐划一的平均主义，不是少数人的富裕。,A. 对;B. 错,B
4,True or False,中国共产党在追求自身党派利益的同时代表广大人民群众的利益。,A. 对;B. 错,B
4,True or False,调查研究是获得真知灼见的源头活水，是贯彻群众路线的有效途径。,A. 对;B. 错,A
4,True or False,共同富裕与人的全面发展是内在统一的，二者互相促进，共同发展。,A. 对;B. 错,A
5,Single Choice,全面深化改革的总目标是(  )。,A. 建设美丽中国，完善生态文明体制;B. 建立市场在资源配置中起决定性作用的经济体制;C. 建设更好保障和改善民生、促进社会公平正义的社会体制;D. 完善和发展中国特色社会主义制度、推进国家治理体系和治理能力现代化,D
5,Single Choice,全面深化改革必须始终站稳(  )立场，坚持以(  )为中心的改革价值取向。,A. 质量;B. 制度;C. 发展;D. 人民,D
5,Single Choice,(  )是经济社会发展的强大动力。,A. 稳定;B. 发展;C. 改革;D. 开放,C
5,Single Choice,全面深化改革必须注重改革的(  )。,A. 系统性、整体性、细节性;B. 系统性、细节性、协同性;C. 细节性、整体性、协同性;D. 系统性、整体性、协同性,D
5,Single Choice,全面深化改革总目标是一个内涵丰富的有机整体，其中(  )规定了在根本方向指引下完善和发展中国特色社会主义制度的鲜明指向。,A. 完善和发展中国特色社会主义制度;B. 推动各方面制度更加成熟更加定型;C. 推进国家治理体系和治理能力现代化;D. 发挥中国特色社会主义制度的优越性,C
5,Single Choice,哪次会议对全面深化改革作出顶层设计和全面部署，提出了全面深化改革的总目标。,A. 十八届三中全会;B. 十九届六中全会;C. 十九届七中全会;D. 十一届三中全会,A
5,Single Choice,(  )是决定当代中国前途命运的关键一招。,A. 改革开放;B. 依法治国;C. 深化改革;D. 中国特色社会主义道路,A
5,Single Choice,全面深化改革的出发点和落脚点是(  )。,A. 进一步解放和增强社会活力;B. 促进社会公平正义、增进人民福祉;C. 进一步完善社会主义制度;D. 进一步解放和发展社会生产力,B
5,Single Choice,(  )是运用国家制度管理国家各方面事务的能力。,A. 治理体系;B. 管理能力;C. 协调能力;D. 治理能力,D
5,Single Choice,必须以(  )为引领，统筹推进各领域各方面改革开放。,A. 重要领域和关键环节;B. 全面深化改革总目标;C. 经济体制改革;D. 制度建设,B
5,Single Choice,(  )是解决一切经济社会问题的关键。,A. 改革;B. 开放;C. 稳定;D. 发展,D
5,Single Choice,深化经济体制改革要充分发挥( )在资源配置中的决定性作用，更好发挥政府作用，推动有效市场和有为政府更好结合。,A. 科技;B. 创新;C. 市场;D. 政府,C
5,Single Choice,(  )会议对新时代全面深化改革勾勒出更加清晰的顶层设计。,A. 十九届六中全会;B. 十九届五中全会;C. 十九届四中全会;D. 十九届三中全会,C
5,Single Choice,(  )是推动人类社会发展最活跃最具革命性的因素。,A. 上层建筑;B. 经济基础;C. 生产力;D. 生产关系,C
5,Single Choice,(  )开启了改革开放和社会主义现代化建设历史新时期。,A. 七届二中全会;B. 十九届六中全会;C. 十八届三中全会;D. 十一届三中全会,D
5,Multiple Choice,改革开放要坚守政治原则和底线，不是改弦易张。这里面最核心的是( )、( )，偏离了这一条，那就南辕北辙了。,A. 坚持和改善党的领导;B. 建成社会主义现代化国家;C. 坚持和改善人民代表大会制度;D. 坚持和完善中国特色社会主义制度,AD
5,Multiple Choice,下面(  )是全面深化改革开放必须坚持的正确方法。,A. 胆子要大，步子要稳;B. 增强全面深化改革的系统性、整体性、协同性;C. 加强顶层设计和摸着石头过河相结合;D. 统筹改革发展稳定,ABCD
5,Multiple Choice,当前，之所以要全面深化改革开放 ，是因为(  )。,A. 科技创新能力不强;B. 城乡区域发展差距和居民收入分配差距依然较大;C. 发展中不平衡、不协调、不可持续问题依然突出;D. 产业结构不合理，发展方式依然粗放,ABCD
5,Multiple Choice,党的十八大以来，我国全面开放新举措是(  )。,A. 推进贸易强国建设;B. 积极营造国际一流营商环境;C. 推进一带一路建设;D. 优化区域开放布局,ABCD
5,Multiple Choice,中央全面深化改革委员会，负责对改革()。,A. 总体设计;B. 整体推进;C. 统筹协调;D. 督促落实,ABCD
5,Multiple Choice,"党的十一届三中全会来，我国创造了( )两大奇迹,极大地改变了中国的面貌。",A. 经济快速发展;B. 民族团结;C. 社会长期稳定;D. 新四大发明,AC
5,Multiple Choice,习近平强调:我们的改革开放是有方向、有立场、有原则的。要求改革开放( )。,A. 必须坚持以人民为中心，促进社会公平正义、增进人民福祉;B. 必须在法治轨道上推进改革，不得通过修改法律的方式推进改革;C. 必须坚持和改善党的全面领导、坚持和完善中国特色社会主义制度;D. 必须有利于进一步解放思想、进一步解放和发展社会生产力、进一步解放和增强社会活力,ACD
5,Multiple Choice,深化政治体制改革，要紧紧围绕坚持()、()、()的有机统一。,A. 党的领导;B. 人民当家作主;C. 以德治国;D. 依法治国,ABD
5,Multiple Choice,改革开放是(  )。,A. 决定当代中国命运的关键一招;B. 坚持和发展中国特色社会主义的必由之路;C. 完成新时代目标任务的必然要求;D. 党和人民大踏步赶上时代的重要法宝,ABCD
5,Multiple Choice,全面深化改革要在哪些领域发力。( ),A. 深化文化体制改革;B. 要深化社会主义市场经济体制改革;C. 健全加强党的全面领导、全面从严治党制度;D. 深化人民当家作主制度体系改革,ABCD
5,Multiple Choice,全面深化改革开放，必须(   )。,A. 勇于破除一切不合时宜的观念，深入贯彻新理念新思想新战略;B. 勇于破解我国开放型经济体制建设中的突出问题，积极适应经济全球化新趋势。;C. 勇于破除根本制度、基本制度障碍，构建系统完备、科学规范、运行有效的制度体系;D. 勇于打破部门利益、行业利益、本位思想，服从国家整体利益,ABD
5,Multiple Choice,国家治理体系和治理能力是一个国家制度和制度执行能力的集中体现。下列说法正确的是(  )。,A. 国家治理能力可以不依赖国家制度，但国家治理体系必须依赖国家治理能力;B. 国家治理能力是运用国家制度管理社会各方面事务的能力;C. 国家治理体系是在党领导下管理国家的制度体系;D. 国家治理体系和治理能力是一个有机整体，相辅相成,BCD
5,Multiple Choice,在全面深化改革中，要增强改革的(   )。,A. 整体性;B. 同一性;C. 系统性;D. 协同性,ACD
5,Multiple Choice,推进国家治理体系和治理能力现代化，( )。,A. 必须把中国特色社会主义制度优势转化为国家治理效能;B. 必须更好发挥中国特色社会主义制度优势;C. 必须坚定中国特色社会主义制度自信;D. 这是一个国家现代化的重要标志,ABCD
5,Multiple Choice,关于全面深化改革总目标，下列说法正确的是( )。,A. 完善和发展中国特色社会主义制度，明确了改革的鲜明指向和时代要求;B. 推进国家治理体系和治理能力现代化，明确了改革的鲜明指向和时代要求;C. 完善和发展中国特色社会主义制度，规定了改革的根本方向;D. 推进国家治理体系和治理能力现代化，规定了改革的根本方向,BC
5,True or False,中国对外开放，不是要一家唱独角戏，而是要欢迎各方共同参与;不是要谋求势力范围，而是要支持各国共同发展;不是要营造自己的后花园，而是要建设各国共享的百花园(   )。,A. 对;B. 错,A
5,True or False,凡属重大改革不必于法有据，需要修改法律的可以不用先修改法律，先破后立(  )。,A. 对;B. 错,B
5,True or False,党的十一届三中全会是划时代的，党的十八届三中全会也是划时代的(  )。,A. 对;B. 错,A
5,True or False,改革开放是决定当代中国前途命运的关键一招(  ) 。,A. 对;B. 错,A
5,True or False,改革是由问题倒逼而产生，改革进程中的矛盾只能用改革的办法来解决(   )。,A. 对;B. 错,A
6,Single Choice,要保持经济社会发展稳定性，坚持稳中求进工作总基调，以()为主线。,A. 大力发展市场经济;B. 深化国有企业改革;C. 深化供给侧结构性改革;D. 提高资源配置效率和公平性,C
6,Single Choice,党的十八大以来，我国经济已由高速增长阶段转向()阶段。,A. 高质量发展;B. 强动力转换;C. 世界级市场;D. 高水平开放,A
6,Single Choice,我国发展的战略目标是( )。,A. 建设区域协调发展的经济体系;B. 建设城乡一体化经济体系;C. 建设现代化经济体系;D. 建设现代化工业体系,C
6,Single Choice,构建高水平社会主义市场经济体制，关键是要()。,A. 处理好当前利益和长远利益的关系;B. 处理好效率和公平的关系;C. 处理好中国和外国的关系;D. 处理好政府和市场的关系,D
6,Single Choice,国有企业是中国特色社会主义的重要物质基础和政治基础，关系()地位的巩固，关系我们党的执政地位和执政能力，关系我国社会主义制度。,A. 经济体制主体;B. 人民主体;C. 社会发展主体;D. 公有制主体,D
6,Single Choice,新时代我国经济社会发展的鲜明主题是()。,A. 新发展阶段;B. 新发展格局;C. 高质量发展;D. 新发展理念,C
6,Single Choice,()是引领发展的第一动力。,A. 科技;B. 劳动力;C. 资本;D. 创新,D
6,Single Choice,()是新时代我国发展壮大的必由之路。,A. 坚持党的全面领导;B. 贯彻新发展理念;C. 团结奋斗;D. 中国特色社会主义,B
6,Single Choice,()是实现高质量发展的指导原则。,A. 供给侧结构性改革;B. 新发展理念;C. 新发展方位;D. 新发展阶段,B
6,Single Choice,()是发展行动的先导。,A. 发展理念;B. 发展格局;C. 发展策略;D. 发展方向,A
6,Single Choice,()的发展理念，相互融通、相互促进，是具有内在联系的集合体，要统一贯彻，不能顾此失彼，也不能相互替代。,A. 改革、和谐、绿色、开放、共享;B. 创新、协调、绿色、开放、共享;C. 创新、协调、和谐、开放、共享;D. 创新、和谐、绿色、开放、发展,B
6,Single Choice,()是根据我国发展阶段、发展环境、条件变化提出来的，是推动高质量发展的战略基点，是关系我国发展全局的重大战略任务。,A. 新发展时期;B. 新发展格局;C. 新发展阶段;D. 新发展理念,B
6,Single Choice,推动高质量发展，始终坚持质量第一、()优先。,A. 效益;B. 利益;C. 速度;D. 人才,A
6,Single Choice,全面建成小康社会、实现第一个百年奋斗目标之后，我们要乘势而上开启全面建设社会主义现代化国家新征程、向第二个百年奋斗目标进军，这标志着我国进入了一个()。,A. 新发展方位;B. 新发展阶段;C. 新发展时期;D. 新发展格局,B
6,Single Choice,实施乡村振兴战略，下列说法不正确的是()。,A. 坚持农业农村优先发展是总方针;B. 农民富裕是总要求;C. 建立健全城乡融合发展体制机制和政策体系是制度保障;D. 农业农村现代化是总目标,B
6,Multiple Choice,大力推动构建新发展格局，必须()。,A. 着力加快科技自立自强;B. 着力推动产业链供应链优化升级;C. 着力推动实施扩大内需战略同深化供给侧结构性改革有机结合;D. 着力发展实体经济,ABCD
6,Multiple Choice,坚持两个毫不动摇是指()。,A. 毫不动摇鼓励、支持、引导非公有制经济发展;B. 毫不动摇坚持按劳分配为主体、多种分配方式并存;C. 毫不动摇巩固和发展公有制经济;D. 毫不动摇坚持社会主义市场经济体制,AC
6,Multiple Choice,新发展理念具有丰富的科学内涵和具体的实践要求，其中创新是引领发展的第一动力，创新发展注重的是解决发展动力问题，以下各选项正确的是()。,A. 共享是中国特色社会主义的本质要求，共享发展注重的是解决社会公平正义问题;B. 开放是国家繁荣发展的必由之路，开放发展注重的是解决发展内外联动问题;C. 绿色是永续发展的必要条件和人民对美好生活追求的重要体现，绿色发展注重的是解决人与自然和谐共生问题;D. 协调是持续健康发展的内在要求，协调发展注重的是解决发展不平衡问题,ABCD
6,Multiple Choice,公有制经济包括()。,A. 混合所有制经济中的国有成分;B. 混合所有制经济中的集体成分;C. 集体经济;D. 国有经济,ABCD
6,Multiple Choice,公有制经济()。,A. 公有制主体地位不能动摇;B. 是全体人民的宝贵财富;C. 是巩固党的执政地位、坚持我国社会主义制度的重要保证;D. 是我国各族人民共享发展成果的制度性保证,ABCD
6,Multiple Choice,针对国际金融危机后世界经济低迷、我国经济下行压力加大，提出我国经济发展正处在()三期叠加阶段，进入新常态。,A. 结构调整阵痛期;B. 前期刺激政策消化期;C. 重要战略机遇期;D. 增长速度换挡期,ABD
6,Multiple Choice,构建()的新发展格局。,A. 国内国际双循环独立运行;B. 以国际大循环为主体;C. 国内国际双循环相互促进;D. 以国内大循环为主体,CD
6,Multiple Choice,新发展阶段是()。,A. 我国社会主义初级阶段历史进程中的一个重要阶段;B. 全面建成小康社会、实现第一个百年奋斗目标的重要阶段;C. 中国共产党带领人民迎来从站起来、富起来到强起来历史性跨越的新阶段;D. 全面建设社会主义现代化国家、向第二个百年奋斗目标进军的重要阶段,ACD
6,Multiple Choice,高质量发展关系我国社会主义现代化建设全局，具有重大战略意义，包括()。,A. 高质量发展为全面建设社会主义现代化国家提供更为坚实的物质基础;B. 高质量发展是全面建成小康社会的必由之路;C. 高质量发展是维护国家长治久安的必然要求;D. 高质量发展是不断满足人民对美好生活需要的重要保证,ACD
6,Multiple Choice,我国非公有制经济是()。,A. 稳定经济的重要基础;B. 社会主义市场经济的重要组成部分;C. 经济持续健康发展的重要力量;D. 国家税收的重要来源,ABCD
6,Multiple Choice,建设()的高标准市场体系，是充分发挥我国超大规模市场优势的现实需要和必然选择。,A. 竞争有序;B. 治理完善;C. 统一开放;D. 制度完备,ABCD
6,Multiple Choice,促进区域协调发展，()。,A. 是贯彻新发展理念的重要内容，也是实现高质量发展的必然要求;B. 要推进以人为核心的新型城镇化，加快农业转移人口市民化;C. 要求各地区在经济发展上达到同一水平;D. 要深入实施区域协调发展战略、区域重大战略、主体功能区战略,ABD
6,Multiple Choice,物质资料生产过程的四个环节是生产、()、()、()。,A. 流通;B. 分配;C. 交换;D. 消费,BCD
6,Multiple Choice,非公有制经济包括()。,A. 外商投资经济;B. 港澳台投资经济;C. 个体经济和私营经济;D. 混合所有制经济中的非国有成分和非集体成分,ABCD
6,Multiple Choice,构建新发展格局是()。,A. 以全国统一大市场基础上的国内大循环为主体，不是各地都搞自我小循环;B. 把握未来发展主动权的先手棋;C. 开放的国内国际双循环，不是封闭的国内单循环;D. 适应我国发展新阶段要求、塑造国际合作和竞争新优势的必然选择,ABCD
6,True or False,我国经济发展进入新常态，经济面临较大下行压力，我国将不再处于重要战略机遇期。,A. 对;B. 错,B
6,True or False,习近平生态文明思想为推动高质量发展提供了根本遵循。,A. 对;B. 错,B
6,True or False,以习近平同志为核心的党中央提出使市场在资源配置中起指导性作用，更好发挥政府作用。,A. 对;B. 错,B
6,True or False,全面建设社会主义现代化国家，最艰巨最繁重的任务依然在城市，最广泛最深厚的基础依然在城市。,A. 对;B. 错,B
6,True or False,高质量发展是全面建设社会主义现代化国家的首要任务，是遵循经济规律发展的必然要求。,A. 对;B. 错,A
7,Single Choice,(  )是全面建设社会主义现代化国家的坚实基础。,A. 教育;B. 人才;C. 科技;D. 创新,A
7,Single Choice,教育是根本，科技是关键，人才是基础，必须坚持创新是引领发展的(  )。,A. 第一生产要素;B. 第一资源;C. 第一战略目标;D. 第一动力,D
7,Single Choice,发展教育的根本尺度是(  )。,A. 提升社会发展能力;B. 教育公平;C. 改革创新;D. 人民满意,D
7,Single Choice,"科技是国之利器,国家赖之以强,企业赖之以嬴,人民生活赖之以好。中国要强,中国人民生活要好,必须有强大科技。创新始终是一个国家、一个民族发展的不竭动力。科技创新的源头是(    )",A. 关键共性技术、前沿引领技术创新;B. 现代工程技术、颠覆性技术创新;C. 国家战略科技力量;D. 基础研究,D
7,Single Choice,落实立德树人根本任务，必须着力解决好(    )、(    )、(    )的问题，这是教育的根本问题。,A. 培养什么人、怎样培养人、为谁培养人;B. 为谁培养人、培养什么人、怎样培养人;C. 怎样培养人、为谁培养人、培养什么人;D. 培养什么人、为谁培养人、怎样培养人,A
7,Single Choice,(  )是全面建设社会主义现代化国家的强大动力。,A. 科技;B. 创新;C. 人才;D. 教育,A
7,Single Choice,"2023年5月29日,中共中央政治局就建设教育强国进行第五次集体学习。习近平在主持学习时强调,我们要建设的教育强国,是中国特色社会主义教育强国。建设中国特色社会主义教育强国的根本保障是(    )。",A. 立德树人;B. 为党育人、为国育才;C. 坚持党对教育事业的全面领导;D. 支撑引领中国式现代化,C
7,Single Choice,打赢关键核心技术攻坚战，必须深入推进()。,A. 增强自主创新能力;B. 科技体制改革;C. 创新资源有效配置;D. 激发创新主体活力,B
7,Single Choice,2023年5月29日，中共中央政治局就建设教育强国进行第五次集体学习。习近平在主持学习 时强调，我们要建设的教育强国，是中国特色社会主义教育强国。建设教育强国的根本目标是(   ),A. 为党育人、为国育才;B. 立德树人;C. 支撑引领中国式现代化;D. 服务中华⺠族伟大复兴,A
7,Single Choice,"2023年5月29日,中共中央政治局就建设教育强国进行第五次集体学习。习近平在主持学习时强调,我们要建设的教育强国,是中国特色社会主义教育强国。建设中国特色社会主义教育强国的根本任务(   )",A. 支撑引领中国式现代化;B. 立德树人;C. 为党育人、为国育才;D. 服务中华民族伟大复兴,B
7,Single Choice,"教育、科技、人才是全面建设社会主义现代化国家的基础性、战略性支撑。要坚持创新在我国现代化建设全局中的核心地位。党的二十大报告提出的到2035年我国发展的总体目标中,科技的目标是(    )","A. 实现高水平科技自立自强,进入创新型国家行列;B. 实现高水平科技自立自强,进入创新型国家前列;C. 建成世界科技创新强国;D. 科技自立自强能力显著提升",B
7,Single Choice,"2023年5月29日,中共中央政治局就建设教育强国进行第五次集体学习。习近平在主持学习时强调,我们要建设的教育强国,是中国特色社会主义教育强国。建设中国特色社会主义教育强国的重要使命是(    )。",A. 服务中华民族伟大复兴;B. 支撑引领中国式现代化;C. 坚持党对教育事业的全面领导;D. 立德树人,A
7,Single Choice,教育是国之大计、党之大计，是功在当代、利在千秋的德政工程。发展教育的根本尺度是(    ),A. 服务中华⺠族伟大复兴;B. 价值观塑造;C. 人⺠满意;D. 立德树人,C
7,Single Choice,做好人才工作的根本保证是(  )。,A. 坚持党对人才工作的全面领导;B. 坚持热爱人才、支持人才、帮助人才、成就人才;C. 深化人才发展体制机制改革;D. 坚持人才体系政治优势,A
7,Single Choice,(  )是全面建设社会主义现代化国家的有力支撑。,A. 创新;B. 人才;C. 教育;D. 科技,B
7,Multiple Choice,我们坚持发展是第一(  )、创新是第一(  )、人才是第一(  )，确立人才引领发展的战略地位。,A. 要素;B. 资源;C. 动力;D. 要务,BCD
7,Multiple Choice,建设教育强国，(  )。,A. 是促进全体人民共同富裕的有效途径;B. 是实现高水平自立自强的重要支撑;C. 是以中国式现代化全面推进中国民族伟大复兴的基础工程;D. 是全面建成社会主义现代化强国的战略先导,ABCD
7,Multiple Choice,推进教育、科技、人才事业发展，要紧紧围绕全面建设社会主义现代化国家战略需求，尊重教育、科技、人才事业发展客观规律，坚持(   )、坚持(   )、坚持(   )。,A. 人才引领驱动;B. 科技自立自强;C. 教育优先发展;D. 创新驱动发展,ABC
7,Multiple Choice,实现高水平科技自立自强是(   )。,A. 国家强盛和民族复兴的战略基石;B. 满足人民美好生活需要的内在要求;C. 推动高质量发展的内在要求;D. 应对风险挑战和维护国家利益的必然选择;E. 构建新发展格局的内在要求,ABCDE
7,Multiple Choice,坚持党对人才工作的全面领导是做好人才工作的(    )，坚持深化人才发展体制机制改革是做好人才工作的(    )，坚持营造识才爱才敬才用才的环境是做好人才工作的(    )。,A. 社会条件;B. 基本支撑;C. 根本保证;D. 重要保障,ACD
7,Multiple Choice,"全面建设社会主义现代化国家,(  )。",A. 教育是根本;B. 改革是保证;C. 人才是基础;D. 科技是关键,ACD
7,Multiple Choice,如何办好人民满意的教育(      )。,A. 坚持把教师队伍建设作为基础工作;B. 坚持深化教育改革创新;C. 大力促进教育公平;D. 加快建设高质量教育体系;E. 提升教育服务经济社会发展能力,ABCDE
7,Multiple Choice,落实立德树人根本任务，必须着力解决好(    )、(    )、(    )的问题，这是教育的根本问题。,A. 怎样培养人;B. 如何培养人;C. 为谁培养人;D. 培养什么人,ACD
7,Multiple Choice,实施创新驱动发展战略，(  )，让创新成为全社会的共同行动。,A. 要坚持面向国家重大需求、面向人民生命健康;B. 坚决打赢关键核心技术攻坚战;C. 坚持科技创新，增强自主创新能力;D. 要坚持面向世界科技前沿、面向经济主战场,ABCD
7,Multiple Choice,教育优先发展，要做到( )，使我国教育越办越好。,A. 财政资金投入优先保障教育投入;B. 经济社会发展规划优先安排教育发展;C. 公共资源配置优先满足教育和人力资源开发需要;D. 推动健全优先发展教育事业的体制机制,ABCD
7,Multiple Choice,必须坚持教育(   )。,A. 为人民服务;B. 为中国共产党治国理政服务;C. 为改革开放和社会主义现代化建设服务;D. 为巩固和发展中国特色社会主义制度服务,ABCD
7,Multiple Choice,"教育是国之大计、党之大计,是民族振兴、社会进步的基石。建设教育强国是(   )。",A. 促进全体人民共同富裕的有效途径;B. 以中国式现代化全面推进中华民族伟大复兴的基础工程;C. 全面建成社会主义现代化强国的首要任务;D. 实现高水平科技自立自强的重要支撑,ABD
7,Multiple Choice,加快建设科技强国，必须(  )。,A. 加快关键核心技术攻关;B. 发挥新型举国体制优势;C. 完善国家创新体系;D. 坚持走中国特色自主创新道路;E. 实现高水平科技自立自强,ABCDE
7,Multiple Choice,实施人才强国战略，( )，实施更加积极、更加开放、更加有效的人才政策。,A. 完善人才战略布局;B. 深化人才发展体制机制改革;C. 要坚持党管人才原则;D. 坚持尊重劳动、尊重知识、尊重人才、尊重创造,ABCD
7,Multiple Choice,实施(    )、(    )、(    )，是增强综合国力、满足人民群众美好生活需要的必然要求，是建设教育强国、科技强国、人才强国的重大举措，对于全面建设社会主义现代化国家具有重要战略意义。,A. 科教兴国战略;B. 人才强国战略;C. 创新驱动战略;D. 可持续发展战略,ABC
7,True or False,教育、科技、人才是全面建设社会主义现代化国家的基础性、战略性支撑,A. 对;B. 错,A
7,True or False,育人的根本在于立德,A. 对;B. 错,A
7,True or False,科技自立自强是国家强盛之基、安全之要。,A. 对;B. 错,A
7,True or False,关键核心技术是国之重器，只有把最关键最核心的技术掌握在自己手中，才能从根本上保障国家经济安全、国防安全和其他安全。,A. 对;B. 错,A
7,True or False,现代化强国，必定是教育强国、科技强国、人才强国。,A. 对;B. 错,A
8,Single Choice,()是一个政党、一个国家最大的优势。,A. 制度优势;B. 党的自身优势;C. 全过程人民民主;D. 人民立场,A
8,Single Choice,人民民主建立在(  )基础之上，体现了社会主义国家的性质，反映了社会主义制度的本质要求，是一种新型的社会主义民主。,A. 人民当家作主;B. 社会主义法治;C. 社会主义制度;D. 社会主义经济,D
8,Single Choice,(  )把发展全过程人民民主作为习近平新时代中国特色社会主义思想的重要内容。,A. 党的二十大;B. 党的十八届四中全会;C. 党的十九大;D. 党的十九届六中全会,D
8,Single Choice,"党的领导是统一战线最鲜明的特征,(  )是统一战线最核心最根本的问题。",A. 人民当家作主;B. 人民民主专政;C. 坚持党的领导;D. 团结联合,C
8,Single Choice,(  )是全人类共同价值，是人类政治文明发展的成果。,A. 科技;B. 发展;C. 民主;D. 政治,C
8,Single Choice,我国宪法规定，国家的一切权力属于(  )。,A. 知识分子;B. 工人阶级;C. 人民;D. 中国共产党,C
8,Single Choice,走中国特色社会主义政治发展道路，最根本的是(  )。,A. 坚持社会主义法治;B. 坚持人民当家作主;C. 坚持党的领导;D. 坚持社会主义道路,C
8,Single Choice,(  )是我国的根本政治制度，是符合我国国情和实际、体现社会主义国家性质、保证人民当家作主、保障实现中华民族伟大复兴的好制度，是我们党领导人民在人类政治制度史上的伟大创造。,A. 民主集中制;B. 政治协商制度;C. 人民代表大会制度;D. 区域自治制度,C
8,Single Choice,要坚定不移走(  )，不断健全人民当家作主的制度体系，把人民当家作主体现到国家政治生活和社会生活各方面。,A. 中国特色社会主义法治道路;B. 中国特色社会主义民主道路;C. 中国特色社会主义道路;D. 中国特色社会主义政治发展道路,D
8,Single Choice,社会主义现代化是(  )，必然要求具有高度发达的民主政治，以实现好、维护好、发展好最广大人民根本利益为出发点和落脚点，保障人民当家作主，不断推动人的全面发展。,A. 全体人民的现代化;B. 共同富裕的现代化;C. 人民主体地位的现代化;D. 社会发展的现代化,A
8,Single Choice,"(  )是社会主义民主政治的本质属性,是最广泛、最真实、最管用的民主。",A. 全过程人民民主;B. 人民民主;C. 人民监督;D. 人民当家作主,A
8,Single Choice,从小院议事厅到板凳民主，从线下圆桌会到线上议事群体现的民主形式是(  ),A. 协商民主;B. 长期民主;C. 依法监督;D. 基层民主,D
8,Single Choice,人民民主是社会主义的生命，()是社会主义民主政治的本质属性。,A. 人民监督;B. 民主法治;C. 社会主义民主;D. 全过程人民民主,D
8,Single Choice,习近平指出:我们党自成立之日起就致力于建设(  )的新社会，提出了关于未来国家制度的主张，并领导人民为之进行斗争。,A. 人民民主;B. 繁荣发展;C. 人民当家作主;D. 文明法治,C
8,Single Choice,统战工作的本质要求是(  )，解决的就是人心和力量问题。,A. 大团结大联合;B. 全过程人民民主;C. 社会主义发展;D. 人民民主,A
8,Multiple Choice,要适应扩大人民民主、促进经济社会发展的新要求，持续推进社会主义民主政治(  )，巩固和发展生动活泼、安定团结的政治局面。,A. 制度化;B. 规范化;C. 法治化;D. 程序化,ABD
8,Multiple Choice,全过程人民民主把(  )紧密融合在一起，充分彰显了人民的主体地位，彰显了人民民主的真实性。,A. 国家意志;B. 党的主张;C. 人民意愿;D. 社会需求,ABC
8,Multiple Choice,党对统一战线的领导主要是政治领导，即(  )的领导，主要体现为党委领导而不是部门领导、集体领导而不是个人领导。,A. 政治参与;B. 政治原则;C. 政治方向;D. 重大方针政策,BCD
8,Multiple Choice,全过程人民民主是()的民主。,A. 最真实;B. 最直接;C. 最管用;D. 最广泛,ACD
8,Multiple Choice,全过程人民民主是(  )的统一。,A. 过程民主;B. 广泛民主;C. 成果民主;D. 真实民主,AC
8,Multiple Choice,铸牢中华民族共同体意识，就是要引导各族人民牢固树立(  )的共同体理念。,A. 命运与共;B. 荣辱与共;C. 休戚与共;D. 生死与共,ABCD
8,Multiple Choice,要发展基层民主，保障人民依法直接行使民主权利，实现( )。,A. 自我教育;B. 自我服务;C. 自我监督;D. 自我管理,ABCD
8,Multiple Choice,协商民主是中国社会主义民主政治中()的民主形式。,A. 独特的;B. 独有的;C. 特殊的;D. 独到的,ABD
8,Multiple Choice,中国特色社会主义政治制度是(  )的伟大创造，是具有强大自我完善和自我发展能力、强大生命力和显著优越性的先进制度。,A. 中国共产党;B. 工人阶级;C. 知识分子;D. 中国人民,AD
8,Multiple Choice,在人民民主的共同旗帜下，中国共产党与各民主党派(  )，形成共产党领导、多党派合作，共产党执政、多党派参政这一具有鲜明中国特色的新型政党制度。,A. 互相监督;B. 荣辱与共;C. 肝胆相照;D. 长期共存,ABCD
8,Multiple Choice,要坚持和完善中国共产党领导的多党合作和政治协商制度，坚持(  )有机结合，发挥人民政协作为专门协商机构的作用，加强制度化、规范化、程序化等功能建设。,A. 协商民主;B. 政治参与;C. 党的领导;D. 统一战线,ACD
8,Multiple Choice,走中国特色社会主义政治发展道理，必须坚持()有机统一。,A. 全过程人民民主;B. 人民当家作主;C. 党的领导;D. 依法治国,BCD
8,Multiple Choice,中国特色社会主义政治制度是由(  )等组成的制度体系。,A. 特殊政治制度;B. 基本政治制度;C. 根本政治制度;D. 重要政治制度,BCD
8,Multiple Choice,人民行使国家权力的机关是(  )。,A. 全国人民代表大会;B. 中央人民政府;C. 地方各级人民政府;D. 地方各级人民代表大会,AD
8,Multiple Choice,社会主义革命和建设时期，人民当家作主的政治架构、经济基础、法律原则、制度框架基本确立并不断发展，我国人民民主大厦巍然耸立。,A. 政治架构;B. 经济基础;C. 法律原则;D. 制度框架,ABCD
8,True or False,一个国家的政治制度取决于这个国家的经济社会基础，同时又反作用于这个国家的经济社会基础，乃至于起到决定性作用。,A. 对;B. 错,A
8,True or False,各国国情不同，每个国家的政治制度都是独特的，都是由这个国家的人民决定的，都是在这个国家历史传承、文化传承、经济社会发展的基础上长期发展、渐进改进、内生性演化的结果。,A. 对;B. 错,A
8,True or False,民主没有最好，只有更好，人类对民主的探索和实践永无止境。,A. 对;B. 错,A
8,True or False,2019年11月，习近平在上海虹桥街道考察全国人大常委会法工委基层立法联系点时指出，人民民主是一种全过程的民主。,A. 对;B. 错,A
8,True or False,国家各方面事业和各方面工作，必须坚持以人民为中心的发展思想，不断满足人民日益增长的美好生活需要，促进人的全面发展。,A. 对;B. 错,A
9,Single Choice,(   )是国家根本法，是党和人民意志的集中体现，是国家各种制度和法律法规的总依据。,A. 法律总纲;B. 宪法;C. 诉讼法;D. 民法典,B
9,Single Choice,(   )是中国特色社会主义的本质要求和重要保障。,A. 全面建设社会主义现代化国家;B. 全面深化改革;C. 全面依法治国;D. 全面从严治党,C
9,Single Choice,法治监督体系以(      )为重点、,A. 制度建设;B. 约束公权力运行;C. 思想教育;D. 少数领导干部,B
9,Single Choice,(    )是国家治理体系和治理能力的重要依托。,A. 民主;B. 法治;C. 党的领导;D. 人民,B
9,Single Choice,(   )是中国特色社会主义法治体系的根本制度基础，是全面推进依法治国的根本制度保障。,A. 以德治国;B. 马克思主义指导;C. 党的领导;D. 中国特色社会主义制度,D
9,Single Choice,全面依法治国的总抓手是( ),A. 建设社会主义法治国家;B. 坚持中国共产党的领导;C. 建设中国特色社会主义法治体系，建设社会主义法治国家;D. 建设中国特色社会主义法治体系,D
9,Single Choice,立善法于天下，则天下治;立善法于一国，则一国治。表明更好推进中国特色社会主义法治体系建设，必须加快形成( ),A. 高效的法治实施体系;B. 有力的法治保障体系;C. 严密的法治监督体系;D. 完备的法律规范体系,D
9,Single Choice,下列不属于习近平法治思想的主要内容的是( ),A. 坚持抓住领导干部这个关键少数;B. 坚持党对全面依法治国的领导;C. 坚持以人民为中心;D. 坚持党的领导、人民当家作主、依法治国有机统一,D
9,Single Choice,(    )是党领导人民治理国家的基本方式。,A. 以人民为中心;B. 人民当家作主;C. 绿色发展;D. 依法治国,D
9,Single Choice,我国人民法院对受理的民事案件、经济纠纷案件和轻微刑事案件进行的调解，是诉讼内调解。对于婚姻案件，诉讼内调解是必经的程序。至于其他民事案件是否进行调解，取决于当事人的自愿，调解不是必经程序。调解制度体现了下列哪方面中华优秀传统法律文化(  ),A. 天下无讼、以和为贵的价值追求;B. 出礼入刑、隆礼重法的治国策略;C. 民为邦本、本固邦宁的民本理念;D. 德主刑辅、明德慎罚的慎刑思想,A
9,Single Choice,全面依法治国的唯一正确道路是( ),A. 中国特色社会主义法制道路;B. 中国特色社会主义政治发展道路;C. 中国特色社会主义法治道路;D. 中国特色社会主义道路,C
9,Single Choice,法治体系是国家治理体系的骨干工程。更好推进中国特色社会主义法治体系建设，必须加快形成(   ) ①完备的法律规范体系②高效的法治实施体系③严密的法治监督体系④有力的法治保障体系⑤完善的党内法规体系⑥普及的守法体系,A. ①②③④⑤;B. ①②③④;C. ①②③④⑤⑥;D. ①②③④⑥,A
9,Single Choice,全面依法治国最广泛、最深厚的基础是(   )。,A. 社会主义民主;B. 人民;C. 党的领导;D. 社会稳定,B
9,Single Choice,(     )是社会主义法治最根本的保证。,A. 中国特色社会主义制度;B. 党的领导;C. 全面深化改革;D. 严密的法治监督体系,B
9,Single Choice,(   )既是全面从严治党的重要依据，也是全面依法治国的有力保障。,A. 党章;B. 党的监督机制;C. 党内法规;D. 党的纪律条例,C
9,Multiple Choice,建设更高水平的法治中国，必须(    )。,A. 扎实推进依法行政;B. 完善以宪法为核心的中国特色社会主义法律体系;C. 加快建设法治社会;D. 严格公正司法,ABCD
9,Multiple Choice,更好推进中国特色社会主义法治体系建设，必须加快形成(  )，形成( )。,A. 严密的法治监督体系;B. 高效的法治实施体系;C. 完善的党内法规体系;D. 完备的法律规范体系;E. 有力的法治保障体系,ABCDE
9,Multiple Choice,"加快形成完备的法律规范体系,必须(  )。",A. 推进合宪性审査工作;B. 提高立法效率，增强立法系统性、整体性、协同性和时效性。;C. 研究丰富立法形式，增强立法的针对性、适用性、可操作性。;D. 深入推进科学立法、民主立法、依法立法，统筹立改废释纂,ABCD
9,Multiple Choice,坚持以宪法为最高法律规范，完善以宪法为核心的中国特色社会主义法律体系，加强(   )立法，把国家各项事业和各项工作纳入法制轨道。,A. 新兴领域;B. 涉外领域;C. 重点领域;D. 突出领域,ABC
9,Multiple Choice,坚持依宪治国、依宪执政，就必须(    )。,A. 坚持宪法确定的中国共产党领导地位不动摇;B. 坚持走宪政道路不动摇;C. 坚持宪法确定的人民民主专政的国体和人民代表大会的政体不动摇;D. 学习西方三权鼎立制度,AC
9,Multiple Choice,关于政治和法治的关系，下列说法正确的是(    )。,A. 法治当中有政治，没有脱离政治的法治;B. 政治和法治相互依存，相互作用，密不可分;C. 法治要脱离政治的影响，才能确保公平正义;D. 党和法的关系是政治和法治关系的集中反映,ABD
9,Multiple Choice,全面依法治国必须正确处理(     )的关系。,A. 政治和法治;B. 依法治国和依规治党;C. 依法治国和以德治国;D. 改革和法治,ABCD
9,Multiple Choice,全面依法治国是(   )。,A. 完善和发展中国特色社会主义制度、推进国家治理体系和治理能力现代化的重要方面;B. 国家治理的一场深刻革命，关系党执政兴国，关系人民幸福安康;C. 坚持和发展中国特色社会主义的本质要求和重要保障;D. 四个全面战略布局之一,ABCD
9,Multiple Choice,"正确处理改革和法治的关系 ,要做到(  )。",A. 对实践证明已经比较成熟的改革经验和行之有效的改革举措，要尽快上升为法律。;B. 对实践条件还不成熟、需要先行先试的，要按照法定程序作出授权;C. 立法主动适应改革需要，重大改革于法有据;D. 要坚持改革决策和立法决策相统一;E. 对不适应改革要求的现行法律法规，要及时修改或废止,ABCDE
9,Multiple Choice,要坚持(   )相结合，实现法治和德治相辅相成、相得益彰。,A. 以德治国;B. 全面发展;C. 依法治国;D. 协同发展,AC
9,Multiple Choice,中国特色社会主义法治道路的核心要义是(    )。,A. 贯彻中国特色社会主义法治理论;B. 坚持党的领导;C. 坚持中国特色社会主义制度;D. 坚持社会主义根本制度,ABC
9,Multiple Choice,走中国特色社会主义法治道路，必须长期坚持以下哪些基本原则。( ),A. 坚持中国共产党的领导;B. 坚持人民为中心;C. 坚持法律面前人人平等;D. 坚持依法治国与以德治国相结合;E. 从中国实际出发，,ABCDE
9,Multiple Choice,加快建设法治中国，必须适应全面建设社会主义现代化国家的要求，牢牢把握经济社会发展和人民群众对法治建设的需要，坚持系统观念，全面推进(   )。,A. 严格执法;B. 公正司法;C. 全民守法;D. 科学立法,ABCD
9,Multiple Choice,"正确处理依法治国和依规治党的关系, 要做到(    )。","A. 要通过法律保障党的政策有效实施;B. 党的政策是国家法律的先导和指引;C. 要正确处理党的政策和国家法律的关系，两者都是人民根本意志的反映;D. 要发挥依法治国和依规治党的互补性作用,确保党既依据宪法法律治国理政，又依据党内法规管党治党",ABCD
9,Multiple Choice,法治中国建设的工作布局是(  )。,A. 坚持依法治国、依法执政、依法行政共同推进;B. 坚持统筹推进国内法治和涉外法治;C. 坚持法治国家、法治政府、法治社会一体建设;D. 协商民主和法制宣传一体推进,ABC
9,True or False,建设中国特色社会主义法治体系、建设社会主义法治国家是实现国家治理体系和治理能力现代化的必然要求，也是全面深化改革的必然要求，有利于在法治轨道上推进国家治理体系和治理能力现代化。(     ),A. 对;B. 错,A
9,True or False,我们讲依宪治国、依宪执政，同西方所谓宪政有着本质区别，不能把二者混为一谈。(     ),A. 对;B. 错,A
9,True or False,中国特色社会主义法治道路是社会主义法治建设成就和经验的集中体现，是建设社会主义法治国家的唯一正确道路。(     ),A. 对;B. 错,A
9,True or False,立善法于天下，则天下治;立善法于一国，则一国治。全面依法治国，必须加快完善中国特色社会主义法律体系，使之更加科学完备、统一权威。(     ),A. 对;B. 错,A
9,True or False,坚持依法执政首先要坚持依宪执政。(     ),A. 对;B. 错,A
10,Single Choice,意识形态安全是( )的重要组成部分，是实现()的重要手段和维护国家安全的重要屏障。意识形态工作是党的一项极端重要的工作，能否做好事关党的前途命运，事关国家的长治久安，事关民族凝聚力和向心力。,A. 文化安全、国家目标;B. 政治安全、国家利益;C. 文化安全、国家利益;D. 政治安全、国家目标,B
10,Single Choice,2024年3月22日我国首部AI全流程微短剧《中国神话》发布。微短剧共六集，分别为《补天》《逐日》《奔月》《填海》《治水》《尝百草》，由一个个经典神话故事起笔，借助AI技术拓展人们对神话的常规想象。女娲勇敢无畏、无私奉献的精神，在今天“人类命运共同体”理念中得以传承;神农尝百草，心怀苍生的大爱，延续在“当代神农”对中医草药孜孜不倦的研究之中……《中国神话》微短剧(   )。①坚持以我为主，是探索中华文明与科技交融的生动实践②既克服又保留，充分发挥中华优秀传统文化的现代价值③弘扬了主旋律，展现了传统文化与时代精神跨时空和鸣④推陈出新，展现了传统文化在现代社会中的生命力和活力,A. ③④;B. ②④;C. ①②;D. ②③,A
10,Single Choice,中国共产党人精神谱系的源头(  )。,A. 延安精神;B. 伟大建党精神;C. 长征精神;D. 井冈山精神,B
10,Single Choice,坚定文化自信的深厚基础(  ),A. 中华优秀传统文化;B. 革命文化;C. 社会主义先进文化;D. 中国特色社会主义伟大实践,A
10,Single Choice,文化软实力集中体现了一个国家基于文化而具有的凝聚力和生命力，以及由此产生的吸引力和影响力。提高国家文化软实力需要强大的国际传播能力。我国加强国际传播能力建设的重要任务是(  ),A. 讲好中国故事，传播好中国声音，展示真实、立体、全面的中国;B. 加快发展新型文化业态文化.;C. 推进社会主义先进文化深入人心，激发全民族文化创造活力;D. 推进中华传统文化创造性转化、创新性发展,A
10,Single Choice,推进文化软实力建设，就是要以( )为本，大力发展中国特色社会主义文化，展现中华文化独特魅力，为人类文明交流互鉴作出积极贡献。,A. 文化骄傲;B. 文化自信;C. 政治建设;D. 经济建设,B
10,Single Choice,坚定文化自信的不竭源泉(  ),A. 中国特色社会主义伟大实践;B. 革命文化;C. 社会主义先进文化;D. 中华优秀传统文化,A
10,Single Choice,做好网络视听领域的文化传承发展，一是要创新思维求效果，讲好文化的故事;二是要创新表达说新话，讲好青年的故事;三是要创新方式国际化，讲好出海的故事。讲好文化出海的故事，需要(   )。①通过文化交流，推动中外文化繁荣与发展②借助现代科技，使文化传播突破时空局限③立足传统文化，实现文化创新的根本目的④坚持文化平等，在交流中做到了以我为主,A. ②④;B. ①③;C. ①②;D. ③④,C
10,Single Choice,公民道德建设，对于提高人民思想觉悟、道德水准、文明素养，提高全社会文明程度，具有至关重要的作用。适应新时代新要求，党中央根据变化了的形势和公民道德建设的新需要，于2019年颁布了《新时代公民道德建设实施纲要》，明确强调新时代公民道德建设的着力点是(  ),A. 推进社会公德、职业道德、家庭美德、个人品德建设;B. 传承孝老爱亲、扶危济困、见义勇为等中华美德;C. 弘扬民族精神和时代精神;D. 推动理想信念教育常态化制度化,A
10,Single Choice,“龙行龘龘，前程朤朤”是龙年新年的流行祝福语。“龘”和“朤”字均出自我国第一部楷书字典《玉篇》，寓意在新的一年里，每个人都能如龙一般强大，前程似锦。人们从浩如烟海的字典中将其挑选出来，对于当代中国人的精神世界仍产生深刻的影响。“龘”和“朤”字的使用(   )①是中华民族整体风貌和精神特征的集中体现②体现了中华优秀传统文化的当代价值和积极作用③是中华优秀传统文化的创造性转化与创新性发展④展现中华优秀传统文化独特魅力，彰显文化自信,A. ②④;B. ①③;C. ③④;D. ①②,A
10,Single Choice,中国特色社会主义进入新时代。为了大力弘扬爱国主义精神，中共中央、国务院印发了《新时代爱国主义教育实施纲要》，明确规定新时代爱国主义教育着力点是(  ),A. 坚持依法治国和以德治国相结合;B. 坚持立足中国又面向世界;C. 坚持维护祖国统一和民族团结;D. 坚持实现中华民族伟大复兴的中国梦,C
10,Single Choice,《长安三万里》这部影片无论是故事构建，叙事节奏还是对优质文化的传承和发扬，都有太多值得肯定的设计。娓娓道来的故事，不仅让观众感受到大唐盛世之美，更有深刻的教育意义。在得到海内外广泛赞誉的同时，更是以上映47天，累计票房17.69亿元，成为2023年动画电影票房冠军。该影片的成功说明(   ),A. 优秀传统文化是中国人民风雨同舟、自强不息的精神支柱;B. 坚持以人民为中心的创作导向，要不断丰富传统文化内涵;C. 对优秀传统文化进行创造性转化能维护群众的基本文化权益;D. 树立文化自信，有利于中华文化走向世界，扩大其影响力,D
10,Single Choice,《共产党宣言》的翻译者是(    ),A. 包惠僧;B. 董必武;C. 陈望道;D. 陈独秀,C
10,Single Choice,文化软实力的定义与以下哪个最接近?,A. 国家的经济实力;B. 国家的政治实力;C. 国家的文化吸引力;D. 国家的军事实力,C
10,Single Choice,社会主义核心价值观中个人层面的价值观是(),A. 富强、民主、文明、和谐;B. 公正、自由、诚信、民主;C. 平等、自由、公正、法治;D. 爱国、敬业、诚信、友善,D
10,Multiple Choice,当今时代，文化在综合国力竞争中的地位日益重要，谁占据了文化发展的制高点，谁就能够更好地在激烈的国际竞争中掌握主动权。文化强国是指一个国家具有强大的文化力量。这种力量表现为( )。,A. 丰富的文化理论;B. 发达的文化产业;C. 强大的文化软实力;D. 具有高度文化素养的国民,BCD
10,Multiple Choice,为什么建设中国特色社会主义文化( )?,A. 文化是一个国家、一个民族的灵魂;B. 没有文化繁荣兴盛就没有中华民族伟大复兴;C. 更好满足人民日益增长的精神文化需要;D. 文化自信是一个国家、一个民族发展中最基本、最深沉、最持久的力量,ABCD
10,Multiple Choice,坚持中国特色社会主义文化发展道路，须以马克思主义为指导，这是事关文化改革发展全局的根本问题坚持中国特色社会主义文化发展道路，还须(  )。,A. 坚持一手抓文化事业，一手抓文化产业;B. 发挥人民在文化建设中的主体作用;C. 积极吸收、借鉴国外优秀文化成果;D. 坚持自己的民族特色,ABCD
10,Multiple Choice,坚定文化自信，是事关国运兴衰，事关文化安全、事关民族精神独立性的大问题。坚定中国特色社会主义道路自信、理论自信、制度自信，说到底就是要坚定文化自信。讲文化自信，我们有充足理由和充足底气，因为中国特色社会主义文化(  )。,A. 承继于激昂向上的革命文化;B. 植根于中国特色社会主义伟大实践;C. 源自于博大精深的中华优秀传统文化;D. 熔铸于生机勃勃的社会主义先进文化,ABCD
10,Multiple Choice,人类各种文明之间的交流是推动世界和平发展的重要动力。习近平主席曾经在比利时布鲁日欧洲学院演讲时指出:“我们要建设文明共荣之桥，把中欧两大文明连接起来。正如中国人喜欢茶而比利时人喜爱啤酒一样，茶的含蓄内敛和酒的热烈奔放代表了品味生命、解读世界的两种不同方式。但是，茶和酒并不是不可兼容的，既可以酒逢知已千杯少，也可以品茶品味品人生。”习近平主席以茶酒巧喻不同文明之回的关系，旨在阐明( )。,A. 不同文明凝聚着不同民族的智慧和贡献，没有高低优劣之分;B. 人类文明多样性是世界的基本特征;C. 文明差异不应成为世界冲突的根源，而应成为人类文明进步的动力;D. 文明因多样而交流，因交流而互鉴，因互鉴而发展,ABCD
10,Multiple Choice,实现中华民族伟大复兴，迫切要求我国由一个文化资源大国转变为一个文化强国。建设社会主义文化强国的重要性在于(  )。,A. 当今时代，文化在综合国力竞争中的地位日益重要;B. 它是完善政治上层建筑的需要;C. 没有先进文化的引领，一个国家、一个民族不可能屹立于世界先进民族之林;D. 它是中华民族几千年文化积淀赋予我们的历史使命,ACD
10,Multiple Choice,"关于文化软实力,以下说法正确的是(  )。",A. 文化强国一定要有发达的文化产业;B. 提高文化软实力，关系到中国梦的实现;C. 中国现在是一个文化产业高度发达的国家;D. 孔子学院推动了中国文化走向世界,ABD
10,Multiple Choice,当今时代，文化在综合国力竞争中的地位日益重要，谁占据了文化发展的制高点，谁就能够更好地在激烈的国际竞争中掌握主动权。文化强国是指一个国家具有强大的文化力量。这种力量表现为(  )?,A. 具有高度文化素养的国民;B. 强大的文化软实力;C. 发达的文化产业;D. 丰富的文化理论,ABC
10,Multiple Choice,坚持和发展马克思主义，必须同中华优秀传统文化相结合。中华优秀传统文化源远流长、博大精深，是中华文明的智慧结晶，蕴含着天下为公、民为邦本、为政以德、革故鼎新、任人唯贤、天人合一、自强不息、厚德载物、讲信修睦、亲仁善邻等思想观念。这些思想观念( )。,A. 体现着中国人民的宇宙观、天下观、社会观、道德观;B. 同科学社会主义价值观主张具有高度契合性;C. 完整体现了马克思主义的立场观点和方法;D. 与马克思主义理论一脉相承文化,AB
10,Multiple Choice,社会主义核心价值观具有超越以往一切社会核心价值观的先进性，它(  )，是反映人类社会发展进步的价值理念。,A. 扎根于中华优秀传统文化的士壤;B. 吸收借鉴了一切人类优秀文化的先进价值;C. 具有强大的凝聚力和感召力;D. 集中体现了社会主义的本质属性,ABD
10,Multiple Choice,建设和发展社会主义，需要有一个能够被全社会共同接受和认同的社会主义核 心价值体系和核 心价值观来引领。核心价值体系和核 心价值观，是决定文化性质和方向的最深层次要素，是一个国家的重要稳定器。关于两者关系，核心价值观是核心价值体系的( )。,A. 基本内容;B. 集中表达;C. 高度凝练;D. 内核,BCD
10,Multiple Choice,大学生要深刻领会社会主义核心价值观的重要意义和科学内涵，成为社会主义核心价值观的( )。,A. 坚定信仰者;B. 模范践行者;C. 被动接受者;D. 积极传播者,ABD
10,Multiple Choice,下列关于“文化软实力”的表述正确的有(  )。,A. 文化软实力的竞争，本质上是不同文化所代表的核心价值观的竞争;B. 文化软实力越来越成为争夺发展制高点、道义制高点的关键所在;C. 道德建设是文化软实力的灵魂、文化软实力建设的重点;D. 越来越多的国家把提升文化软实力确立为国家战略,ABD
10,Multiple Choice,坚守社会主义核 心价值体系和核 心价值观就是通过教育引导、舆论宣传、文化熏陶、实践养成、适度保障等，使社会主义核 心价值观内化为人们的精神追求，外化为人们的自觉行动。培育和弘扬社会主义核心价值观，应该(  )。,A. 突出道德价值的作用，立足中华传统优秀文化;B. 使社会主义核 心价值观成为人们日常工作生活的基本遵循;C. 加强革命传统教育，弘扬红色文化;D. 在全社会深入开展理想信念教育,ABCD
10,Multiple Choice,做好意识形态工作，事关( )。,A. 民族凝聚力和向心力;B. 国家国际地位提升;C. 党的前途命运;D. 国家长治久安,ACD
10,True or False,传承弘扬革命文化要把红色传统发扬好、把红色资源利用好、把红色基因传承好。,A. 对;B. 错,A
10,True or False,文化自信是一个国家、一个民族发展中最基本、最深沉、最持久的力量。,A. 对;B. 错,A
10,True or False,互联网是意识形态斗争的主阵地、主战场、最前沿。,A. 对;B. 错,A
10,True or False,价值观念在一定社会的文化中是起中轴作用的，文化的影响力首先是思想的影响力。,A. 对;B. 错,B
10,True or False,文化建设关乎旗帜、关乎道路、关乎国家政治安全。,A. 对;B. 错,B
11,Single Choice,加强社会建设，必须以(  )为重点。,A. 关注弱势群体;B. 提高人民物质文化生活水平;C. 提高人民思想道德素质;D. 保障和改善民生,D
11,Single Choice,党的十八大至今，我们深入贯彻以人民为中心的发展思想，人民群众(  )更加充实、更有保障、更可持续，共同富裕取得新成效。,A. 获得感、安全感、拥有感;B. 幸福感、安全感、拥有感;C. 获得感、幸福感、安全感;D. 职业感、幸福感、安全感,C
11,Single Choice,()是经济的“晴雨表”，是社会的“稳定器”。,A. 养老;B. 医疗;C. 教育;D. 就业,D
11,Single Choice,当前社会建设中，最大的民生是(  )。,A. 就业;B. 医疗;C. 教育;D. 养老,A
11,Single Choice,(  )是民生之源，是改善民生、实现发展成果由人民共享最重要最直接的方式。,A. 医疗保障;B. 收入分配;C. 养老保障;D. 就业,B
11,Single Choice,分配制度是促进共同富裕的基础性制度。坚持按劳分配为主体、多种分配方式并存，构建初次分配、再分配、第三次分配协调配套的制度体系。以下属于第三次分配的是()。,A. 发展慈善等社会公益事业;B. 加大税收、社保、转移支付等调节力度并提高精准性;C. 健全多层次社会保障体系;D. 清理规范不合理收入，坚决取缔非法收入,A
11,Single Choice,( )是政府联系群众的“最终一公里”。,A. 街道办;B. 基层党组织;C. 城乡社区;D. 村委会,C
11,Single Choice,()离老百姓最近，同老百姓生活最密切,A. 国防军队建设;B. 外交工作;C. 民生工作;D. 经济发展,C
11,Single Choice,“枫桥经验”意义重大，是坚持和贯彻( )的好经验。,A. 放管服;B. 改革开放;C. 党的群众路线;D. 为人民服务,C
11,Single Choice,(  )是社会主义生产的根本目的。,A. 中国特色大国外交;B. 国防和军队现代化;C. 发展经济;D. 增进民生福祉,D
11,Single Choice,( )是坚持立党为公、执政为民的本质要求。,A. 群众路线;B. 增进民生福祉;C. 实事求是;D. 解放思想,B
11,Single Choice,(  )制度是促进共同富裕的基础性制度。,A. 分配制度;B. 民族区域自治制度;C. 基层群众自治制度;D. 人民代表大会制度,A
11,Single Choice,全面建成小康社会的底线任务是(  )。,A. 推动制造业发展;B. 形成开放经济新格局;C. 打赢脱贫攻坚战;D. 大力发展金融业,C
11,Single Choice,()是反映居民之间贫富差异程度的常用统计指标，较全面客观地反映居民之间的贫富差距，能预报、预警居民之间出现贫富两极分化。,A. GNP;B. 恩格尔系数;C. GDP;D. 基尼系数,D
11,Single Choice,发挥初次分配的基础性作用，努力提高(  )在初次分配中的比重。,A. 消费税;B. 企业利润;C. 劳动报酬;D. 增值税,C
11,Multiple Choice,要不断创新社会治理的理念思路、体制机制和方法手段，打造(  )、(  )、(  )的社会治理新格局，坚定不移走中国特色社会主义社会治理之路。,A. 共商;B. 共治;C. 共建;D. 共享,BCD
11,Multiple Choice,改革开放以来，按照现行贫困标准计算，我国(  )农村贫困人口摆脱贫困;按照世界银行国际贫困标准，我国减贫人口占同期全球减贫人口(  )%以上。,A. 5.7亿;B. 50;C. 70;D. 7.7亿,CD
11,Multiple Choice,建设(  )、(  )、(  )的社会治理共同体，确保社会治理过程人民参与、成效人民评判、成果人民共享。,A. 人人享有;B. 人人尽责;C. 人人有责;D. 人人负责,ABC
11,Multiple Choice,新时代加强和创新社会治理，要求坚持(  )，探索一条符合中国社会发展实际、更可持续的中国特色社会主义社会治理之路。,A. 系统治理;B. 源头治理;C. 综合治理;D. 依法治理,ABCD
11,Multiple Choice,以下属于社会治理面临的复杂形势环境的是(  )、(  )、(  )、(  )。,A. 人民群众对社会事务参与意愿更加强烈，加大凝聚共识难度;B. 资源环境约束趋紧;C. 社会阶层结构分化，加重社会治理任务;D. 社会利益关系日趋复杂,ACD
11,Multiple Choice,党的十八大以来，现行标准下(  )农村贫困人口全部脱贫，(  )个贫困县全部摘帽，(  )个贫困村全部出列，区域性整体贫困得到解决，完成了消除绝对贫困的艰巨任务。,A. 12.8万;B. 832个;C. 22.8万;D. 9899万,ABD
11,Multiple Choice,理念是完善社会治理体系的先导，必须坚持(  )、(  )、(  )的社会治理理念。,A. 共享;B. 共商;C. 共治;D. 共建,ACD
11,Multiple Choice,发挥再分配的调节作用，加大(  )、(  )、(  )的调节力度，提高精准性。,A. 税收;B. 劳动报酬;C. 转移支付;D. 社保,ACD
11,Multiple Choice,我们要实现好、维护好、发展好最广大人民根本利益，紧紧抓住人民最关心最直接最现实的利益问题，坚持尽力而为、量力而行。增进民生福祉的主要举措包括(  )。,A. 完善分配制度;B. 实施就业优先战略;C. 健全社会保障体系;D. 推进健康中国建设,ABCD
11,Multiple Choice,(  )是解决民生问题的“总钥匙”，(   )是发展的“指南针”。,A. 外交;B. 民生;C. 国防;D. 发展,BD
11,Multiple Choice,实施精准扶贫方略，推进“五个一批”工程，下列属于“五个一批”工程的有(  )。,A. 发展生产脱贫一批;B. 发展教育脱贫一批;C. 易地搬迁脱贫一批;D. 生态补偿脱贫一批,ABCD
11,Multiple Choice,社会保障是保障和改善民生、维护社会公平、增进人民福祉的基本制度保障，是促进经济社会发展、实现广大人民群众共享改革发展成果的重要制度安排，发挥着(  )、(  )、(  )的作用，是治国安邦的大问题。,A. 民生保障安全网;B. 经济发展晴雨表;C. 收入分配调节器;D. 经济运行减震器,ACD
11,Multiple Choice,中国共产党领导人民(  )、(  )，守的是(  )。,A. 守江山;B. 人民的心;C. 打江山;D. 固江山,ABC
11,Multiple Choice,(  )、(  )是保障和改善民生的重要方针。,A. 铢施两较;B. 量力而行;C. 能省即省;D. 尽力而为,BD
11,Multiple Choice,优化收入分配结构，构建(  ) 、(  ) 、(  ) 协调配套的制度体系。,A. 二次分配;B. 再分配;C. 初次分配;D. 第三次分配,BCD
11,True or False,经济发展与改善民生二者是是“鱼与熊掌不可兼得”的。,A. 对;B. 错,B
11,True or False,初次分配发挥调节作用。,A. 对;B. 错,B
11,True or False,乡村是重大矛盾风险的产生地、集聚地。,A. 对;B. 错,B
11,True or False,增进民生福祉是坚持立党为公、执政为民的本质要求。,A. 对;B. 错,A
11,True or False,经济快速发展会自动实现民生的改善。,A. 对;B. 错,B
12,Single Choice,(  )，是全面建设社会主义现代化国家的重要目标，也是满足人民日益增长的优美生态环境需要的必然要求。,A. 建设美丽中国;B. 建设美丽世界;C. 生态文明建设;D. 绿水青山就是金山银山,A
12,Single Choice,以下思想不是中华文明的鲜明特色和独特标识的是(  )。,A. 道法自然;B. 我思故我在;C. 天地与我共生，而万物与我为一;D. 天人合一,B
12,Single Choice,要站在对人类文明负责的高度，秉持共商共建共享的全球治理观，携手应对气候变化、海洋污染、生物保护等全球性环境问题，实现联合国(  )可持续发展目标，扎实推动全球生态文明之路行稳致远。,A. 2035年;B. 2030年;C. 2060年;D. 2025年,B
12,Single Choice,应对生态环境挑战，必须摒弃“单边主义”“极端利己主义”“甩锅推责”，打造(  )的全球生态治理体系。,A. 美丽世界;B. 命运与共;C. 多元共治;D. 携手合作,C
12,Single Choice,(  )把“增强绿水青山就是金山银山的意识”等写入党章。,A. 党的二十大;B. 党的十九大;C. 党的十八届三中全会;D. 党的十八大,B
12,Single Choice,(  )，这是重要的发展理念，也是推进现代化建设的重大原则。,A. 绿水青山就是金山银山;B. 生态文明建设;C. 人与自然和谐共生;D. 山水林田湖草沙治理,A
12,Single Choice,习近平指出:“绿色发展，就其要义来讲，是要解决好(  )问题。”,A. 人与自然和谐共生;B. 生态环境保护;C. 美丽中国建设;D. 生物多样性,A
12,Single Choice,中国提前完成2020年应对气候变化和设立自然保护区相关目标，……力争2030年前实现碳达峰，努力争取(  )前实现碳中和。,A. 2035年;B. 2050年;C. 2045年;D. 2060年,D
12,Single Choice,习近平指出:“(  )是最公平的公共产品，是最普惠的民生福祉。”,A. 良好的生态环境;B. 生活环境;C. 社会福利;D. 土地,A
12,Single Choice,科学划定自然保护地保护范围及功能分区，构建以(  )为主体、自然保护区为基础、各类自然公园为补充的自然保护地体系。,A. 名山大川;B. 生态环境;C. 原始森林;D. 国家公园,D
12,Single Choice,(  )是关系中华民族永续发展的根本大计。,A. 保护环境;B. 生物多样性;C. 绿色低碳;D. 生态文明建设,D
12,Single Choice,"中国成功承办联合国《生物多样性公约》第(  )次缔约方大会，推动国际社会达成“昆明一蒙特利尔全球生物多样性框架”等一揽子具有里程碑意义的成果,为全球生物多样性治理确定了目标、明确了途径。",A. 十五;B. 十八;C. 十七;D. 二十,A
12,Single Choice,(  )问题是全球生态环境治理领域的突出问题，是全人类共同面临的重大挑战。,A. 生态破坏;B. 人类生存;C. 气候变化;D. 粮食安全,C
12,Single Choice,“二月天杨柳醉春烟，三月三来山青草漫漫，最美是人间四月的天，一江春水绿如蓝。”2024央视春晚歌曲《上春山》深受观众喜爱。歌曲描绘了相约好友家人一起踏春的场景，展现了一幅优美的春日画卷。这首歌曲反映了( )。,A. 人民日益增长的优美生态环境需要;B. 绿水青山就是金山银山的理念;C. 人民要尊重自然、顺应自然、保护自然;D. 生态文明建设的重要性,A
12,Single Choice,(  )是工业文明发展到一定阶段的产物，是人类社会进步的重大成果。,A. 政治文明;B. 人类文明;C. 农业文明;D. 生态文明,D
12,Single Choice,制度的生命力在于( )，关键在真抓，靠的是严管。,A. 执行;B. 建立;C. 保障;D. 监督,A
12,Multiple Choice,生态文明是人民群众共同参与共同建设共同享有的事业，每个人都是生态环境的()。,A. 利用者;B. 保护者;C. 受益者;D. 建设者,BCD
12,Multiple Choice,生态环境问题归根到底是(  )问题。,A. 社会发展方式;B. 教育方式;C. 生活方式;D. 经济发展方式,CD
12,Multiple Choice,绿水青山既是(  )，又是(  )。,A. 社会财富;B. 自然财富;C. 经济财富;D. 生态财富,ABCD
12,Multiple Choice,继续促进可持续发展，把一个清洁美丽的世界留给子孙后代，需要国际社会加强合作，秉持(  )，共建地球生命共同体，共建清洁美丽世界，书写人与自然和谐共生的美好画卷。,A. 以绿色转型为驱动;B. 生态文明理念;C. 以国际法为基础;D. 以人民福祉为中心,ABCD
12,Multiple Choice,激发起全社会共同呵护生态环境的内生动力，增强全民(   )，培育生态道德和行为准则，开展全民绿色行动。,A. 监督意识;B. 环保意识;C. 节约意识;D. 生态意识,BCD
12,Multiple Choice,坚持生态优先、绿色发展，把生态环境优势转化为(  )等生态经济优势，绿水青山就变成了金山银山。,A. 生态旅游;B. 生态工业;C. 生态农业;D. 生态交通,ABC
12,Multiple Choice,森林既是(  )，也是(  )，开展全民义务植树是推进国土绿化、建设美丽中国的生动实践。,A. 钱库;B. 碳库;C. 水库;D. 粮库,ABCD
12,Multiple Choice,大自然是人类赖以生存发展的基本条件，(  )是全面建设社会主义现代化国家的内在要求。,A. 顺应自然;B. 尊重自然;C. 保护自然;D. 融入自然,ABC
12,Multiple Choice,强化国土空间规划和用途管控，划定落实(  )三条控制线以及各类海域保护线。,A. 环境科学治理;B. 永久基本农田;C. 城镇开发边界;D. 生态保护红线,BCD
12,Multiple Choice,中国致力于推动共建地球生命共同体，积极参与全球环境治理，是全球生态文明建设的重要( )、( )、( )。,A. 建设者;B. 参与者;C. 引领者;D. 贡献者,BCD
12,Multiple Choice,做好绿化祖国这项重要工作，习近平总书记在2024年4月3日参加首都义务植树活动期间提出要(  )并举。,A. 护绿;B. 植绿;C. 扩绿;D. 兴绿,ACD
12,Multiple Choice,生态环境问题，归根到底是(  )造成的。,A. 资源过度开发;B. 粗放利用;C. 奢侈消费;D. 生态腐败,ABC
12,Multiple Choice,统筹(  )，加强河流和湿地生态流量管理。,A. 水安全;B. 水环境;C. 水生态;D. 水资源,ABCD
12,Multiple Choice,健全(  )的生态环境保护体系。,A. 责任追究;B. 过程控制;C. 源头预防;D. 损害赔偿,ABCD
12,Multiple Choice,优化国土空间开发布局，严守(  )三条红线，以国家重点生态功能区为支撑，实施全国重要生态系统保护和修复重大工程，筑牢国家生态安全屏障。,A. 资源利用上线;B. 国土规划红线;C. 环境质量底线;D. 生态保护红线,ACD
12,True or False,共建清洁美丽世界，要坚持共同但有区别的责任原则。,A. 对;B. 错,A
12,True or False,健全绿色发展的保障体系，要统筹各领域资源，打好法治、市场、科技“组合拳”。,A. 对;B. 错,B
12,True or False,党的十九大把生态文明建设纳入“五位一体”总体布局之中，并提出建设美丽中国。,A. 对;B. 错,B
12,True or False,建设人与自然和谐共生的地球家园，要以绿色转型为驱动，坚持单边主义，推动全球环境治理体系更加公平合理，携手共建清洁美丽世界。,A. 对;B. 错,B
12,True or False,绿水青山就是金山银山理念，阐明了经济发展与生态环境保护之间的关系。,A. 对;B. 错,A
13,Single Choice,“安而不忘危，存而不忘亡，治而不忘乱”对应强调的是以下哪个方面(   )。,A. 注重民本思想;B. 强调忧患意识;C. 倡导和平共处;D. 积极练兵备战,B
13,Single Choice,总体国家安全观以(  )为宗旨，坚持国家安全一切为了人民。,A. 人民安全;B. 国内安全;C. 国际安全;D. 政治安全,A
13,Single Choice,歌曲《国家》唱道:“家是最小国，国是千万家;国家安全不是遥远的“谍战片”，而是与我们每一个人、每一个家庭息息相关。在维护国家安全，人人不是局外人、旁观者，需要公民与政府共同努力，凝聚维护国家安全的强大合力。维护国家安全①是公民的政治义务，是为了保障人民的利益;②要坚持国家利益高于一切的原则，放弃个人利益;③要求公民提升防范意识，配合相关国家机关的工作;④要坚持权利与义务统一的原则，正确处理好个人与他人的关系,A. ①④;B. ②③;C. ①③;D. ②④,C
13,Single Choice,总体国家安全观的关键是(  )。,A. “安全”;B. “总体”;C. “国家”;D. 意识形态,B
13,Single Choice,(   )是应对国家安全形势新变化新趋势的战略选择，是全面贯彻落实总体国家安全观的重大举措。,A. 建立强大的军队;B. 构建新发展格局;C. 统筹稳定和发展;D. 构建新安全格局,D
13,Single Choice,维护制度安全，最主要是(   )。,A. 坚持和完善中国特色社会主义制度;B. 全面深化改革;C. 推进国家治理体系和治理能力现代化;D. 坚持和完善人民代表大会制度,A
13,Single Choice,《国家安全法》规定:每年的(   )为全民国家安全教育日。,A. 4月15日;B. 4月1日;C. 12月4日;D. 3月15日,A
13,Single Choice,要坚定不移走中国特色国家安全道路，统筹发展和安全，把维护(  )放在首要位置，守好重点领域国家安全的主阵地、主战场，加快构建统筹各领域安全的新安全格局。,A. 经济安全;B. 国土安全;C. 人民安全;D. 政治安全,D
13,Single Choice,发展环境越是严峻复杂，越要坚定不移(  )，健全各方面制度，完善治理体系，促进制度建设和治理效能更好转化融合。,A. 深化改革;B. 构筑安全屏障;C. 提高社会治理能力;D. 防范化解重大风险,A
13,Single Choice,聚焦保障人民安宁，坚持以(  )为导向，更快破大案、更多破小案、更准办好案、更好控发案，切实保护人民群众人身权、财产权、人格权。,A. 安全保障;B. 安居乐业;C. 群众期盼;D. 社会稳定,C
13,Single Choice,国家安全法律制度体系加快形成，以(  )为引领，制定出台国家情报法、反恐怖主义法、境外非政府组织境内活动管理法、反间谍法、网络安全法、核安全法、数据安全法等一系列国家安全法律法规。,A. 国际安全法;B. 宪法;C. 国家安全法;D. 反分裂国家法,C
13,Single Choice,(  )与人民群众切身利益关系最密切，是人民群众安全感的晴雨表，是社会安定的风向标。,A. 政治安全;B. 经济安全;C. 军事安全;D. 社会安全,D
13,Single Choice,(   )强调“统筹发展和安全”，并将其写入党章。,A. 党的二十大;B. 党的十九届六中全会;C. 党的十八届四中全会;D. 党的十九大,A
13,Single Choice,习近平指出:“实现中华民族伟大复兴的中国梦，保证人民安居乐业，(  )是头等大事。”,A. 国家安全;B. 经济发展;C. 社会和谐;D. 保护环境,A
13,Single Choice,习近平指出:“(  )是老百姓解决温饱后的第一需求，是极重要的民生，也是最基本的发展环境。”,A. 教育;B. 就业;C. 生态;D. 平安,D
13,Multiple Choice,以下反映中华优秀传统文化中蕴含着丰富的国家安全战略思想的是( )。,A. 生于忧患，死于安乐;B. 亲人善邻，国之宝也;C. 内事文而和，外事武而义;D. 美人之美，美美与共,ABC
13,Multiple Choice,新时代国家安全得到全面加强，体现在(   ),A. 国家安全体系和能力建设取得突破性进展;B. 国家主权、安全、发展利益得到全面维护;C. 党对国家安全工作的领导更加有力;D. 维护国家安全的民心基础更加巩固;E. 平安中国建设迈向更高水平,ABCDE
13,Multiple Choice,建设平安中国，必须(    )。,A. 聚焦影响国家安全和社会稳定的突出问题;B. 推进安全生产风险专项整治，加强重点行业、重点领域安全监管。;C. 推动公共安全治理模式由以事后处置为主向以事前预防为主转型;D. 坚持安全第一、预防为主，建立大安全大应急框架;E. 加强国家区域应急力量建设,ABCDE
13,Multiple Choice,进入新时代，我国面临更为严峻复杂的国家安全形势，从内部环境来看，包括(   )。,A. 既有可以预料的风险又有难以预料的风险，既有“黑天鹅”事件又有“灰犀牛”事件，而且各类风险成因多样、彼此交织;B. 风险呈现形态更加复杂，既有显性风险又有隐性风险;C. 和平与发展的时代主题面临严峻挑战;D. 粮食、能源、资源、金融和产业链供应链安全面临重大考验;E. 重点领域关键环节改革任务仍然艰巨，科技创新能力存在卡点瓶颈,ABDE
13,Multiple Choice,要提升维护国土安全能力，加强(  )建设，坚决捍卫领土主权和海洋权益。,A. 海防;B. 边防;C. 空防;D. 陆防,ABC
13,Multiple Choice,全面加强(   )，提高各级领导干部统筹发展和安全能力，增强(  )，筑牢国家安全人民防线,A. 文化素质教育;B. 国家安全教育;C. 爱国主义教育;D. 全民国家安全意识和素养,BD
13,Multiple Choice,进入新时代，我国面临更为严峻复杂的国家安全形势，从外部环境来看包括(  ),A. 地区热点和局部冲突此起彼伏，国际局势变得更加复杂动荡;B. 气候变化、粮食安全、能源安全等全球性问题日趋尖锐复杂;C. 意识形态领域存在不少挑战，重点领域风险敞口加大;D. 世界战略格局、全球治理体系、综合国力竞争进入深度变迁的历史进程,ABD
13,Multiple Choice,总体国家安全观强调(   )。,A. 做好国家安全工作的系统思维和方法，加强科学统筹;B. 维护国家安全要贯穿党和国家工作各方面全过程;C. 全社会全政府全体系全手段应对重大国家安全风险挑战;D. 打总体战，形成汇聚党政军民学各战线各方面各层级的强大合力,ABCD
13,Multiple Choice,总体国家安全观以(  )为保障，建立完善强基固本、化险为夷的各项对策措施，为维护国家安全提供硬实力和软实力保障。,A. 军事安全;B. 社会安全;C. 科技安全;D. 文化安全,ABCD
13,Multiple Choice,政治安全涉及国家(   )的稳固，是一个国家最根本的需求。,A. 意识形态;B. 政权;C. 制度;D. 主权,ABCD
13,Multiple Choice,网络安全已经成为我国面临的(  )的非传统安全问题之一。,A. 最严峻;B. 最复杂;C. 最普遍;D. 最现实,ABD
13,Multiple Choice,维护外部安全要做到(  )。,A. 要推进国际共同安全，不断完善参与国际和区域安全合作的机制;B. 切实维护我国海外利益安全，努力形成强有力的海外利益安全保障体系;C. 要推动建设有关领域安全治理新机制新规则，为全球安全治理贡献智慧和力量;D. 要秉持一成不变的安全理念，塑造外部安全环境,ABC
13,Multiple Choice,对新安全格局和新发展格局关系的正确理解是(   )。,A. 只有以新安全格局保障新发展格局，才能在各种可以预见和难以预见的风险挑战中增强我国的生存力、竞争力、发展力、持续力;B. 以新安全格局保障新发展格局，必须统筹维护国家安全各类要素、各方资源、各种手段，主动塑造有利的外部安全环境;C. 新安全格局是新发展格局的重要前提和保障。;D. 只有以新安全格局保障新发展格局，才能夯实我国经济发展的根基、增强发展的安全性稳定性,ABCD
13,Multiple Choice,关于发展和安全之间的关系，下列说法正确的是(  ),A. 发展是解决安全问题的总钥匙，发展就是最大的安全;B. 发展和安全是一体之两翼，驱动之双轮，必须同步推进;C. 安全是发展的条件和保障，没有国家安全，发展取得的成果也可能毁于一旦;D. 国家安全是民族复兴的根基，为了维护国家安全可以舍弃发展,ABC
13,Multiple Choice,总体国家安全观(   )。,A. 回答了如何解决好中华民族伟大复兴关键时期面临的特殊安全问题;B. 系统提出了一系列具有原创性、时代性的重要观点;C. 为破解我国国家安全面临的难题、推进新时代国家安全工作提供了基本遵循;D. 回答了如何解决好大国发展进程中面临的共性安全问题,ABCD
13,True or False,国家安全体系和能力是国家安全制度及其执行力的集中体现。(  ),A. 对;B. 错,A
13,True or False,发展和安全是两件大事，发展解决的是保障问题，安全解决的是动力问题。(  ),A. 对;B. 错,B
13,True or False,总体国家安全观是马克思主义国家安全理论中国化最新成果。(  ),A. 对;B. 错,A
13,True or False,国家安全是民族复兴的根基，经济安全是国家强盛的前提。(  ),A. 对;B. 错,B
13,True or False,政治安全是立国之基。(  ),A. 对;B. 错,B
14,Single Choice,坚持()，是马克思主义建党建军的一条基本原则。,A. 纪律严明;B. 政治建军;C. 党对军队的绝对领导;D. 以人民为中心,C
14,Single Choice,()是提高实战能力的重要途径和抓手，是最直接的军事斗争准备。,A. 战略研究;B. 军事训练;C. 理论学习;D. 带兵打仗,B
14,Single Choice,作风优良是()，关系军队的性质、宗旨、本色。,A. 核心;B. 基础;C. 保证;D. 灵魂,C
14,Single Choice,人民军队是执行党的()的武装集团，党和人民所需就是军队使命任务所系。,A. 军事任务;B. 政治任务;C. 经济任务;D. 根本任务,B
14,Single Choice,()是核心战斗力，是军事发展中最活跃、最具革命性的因素。,A. 科技;B. 制度;C. 人才;D. 武器,A
14,Single Choice,党的十九届五中全会进一步充实了国防和军队现代化的目标任务和发展步骤，明确提出确保()实现建军一百年奋斗目标。,A. 2027年;B. 2035年;C. 本世纪中叶;D. 2025年,A
14,Single Choice,人民军队应牢固树立()这个唯一的根本的标准。,A. 纪律严明;B. 党指挥枪;C. 制度建军;D. 战斗力,D
14,Single Choice,能打胜仗是()核心，反映军队的根本职能和军队建设的根本指向。,A. 保证;B. 基础;C. 核心;D. 灵魂,C
14,Single Choice,()是我们党建军治军基本方式。,A. 制度建军;B. 改革强军;C. 依法治军;D. 人才强军,C
14,Single Choice,()是强军兴军的必由之路，也是决定我军未来的关键一招。,A. 科技强军;B. 政治建军;C. 改革强军;D. 人才强军,C
14,Single Choice,"中国军队坚持()的战略方针,我们从未主动挑起过任何一场战争和冲突，从未侵占别国一寸土地。",A. 联盟;B. 中立;C. 扩张;D. 防御,D
14,Single Choice,()是坚持党对人民军队绝对领导的根本制度和根本实现形式，在党领导军队的一整套制度体系中处于最高层次、居于统领地位。,A. 总理负责制;B. 军委主席负责制;C. 中央负责制;D. 总书记负责制,B
14,Single Choice,()是我军的立军之本，也是最大优势。,A. 政治建军;B. 人才强军;C. 科技强军;D. 改革强军,A
14,Single Choice,()是推动人民军队高质量发展、赢得军事竞争和未来战争主动的关键因素。,A. 武器;B. 人才;C. 改革;D. 科技,B
14,Single Choice,听党指挥是()，决定军队建设的政治方向。,A. 保证;B. 基础;C. 核心;D. 灵魂,D
14,Multiple Choice,()、()是军队的根本价值所在。,A. 听党指挥;B. 纪律严明;C. 打胜仗;D. 能打仗,CD
14,Multiple Choice,()、()，是治军带兵的铁律，也是建设强大军队的基本规律。,A. 严肃军纪;B. 厉行法治;C. 改革强军;D. 政治建军,AB
14,Multiple Choice,国防和军队现代化新“三步走”战略安排分别是()()()。,A. 到2035年基本实现国防和军队现代化.;B. 到本世纪中叶把人民军队全面建成世界一流军队。;C. 到本世纪中叶基本实现国防和军队现代化;D. 到2027年实现建军一百年奋斗目标。,ABD
14,Multiple Choice,人民军队自成立起，就始终为争取()而英勇奋斗。,A. 民族独立;B. 人民幸福;C. 人民解放;D. 国家富强,ABCD
14,Multiple Choice,构建完善的中国特色军事法治体系，形成系统完备、严密高效的()、()、()、()。,A. 军事法规制度体系;B. 军事法治监督体系;C. 军事法治实施体系;D. 军事法治保障体系,ABCD
14,Multiple Choice,到2035年基本实现国防和军队现代化。这一步的关键是实现(),A. 军事人员现代化;B. 军事理论现代化;C. 军队组织形态现代化;D. 武器装备现代化,ABCD
14,Multiple Choice,新的征程上，开创国防和军队现代化新局面，必须全面推进()()()()、依法治军，加快把人民军队建设成为世界一流军队，以更强大的能力、更可靠的手段捍卫国家主权、安全、发展利益。,A. 改革强军;B. 人才强军;C. 政治建军;D. 科技强军,ABCD
14,Multiple Choice,党在新时代的强军目标的提出，体现了我们党一以贯之的建军治军指导思想和方针原则，回答了()()()的重大课题，立起了人民军队作为大国军队、强国军队应有的样子。,A. 强军强什么;B. 为什么强军;C. 强什么军;D. 怎样强军,ABD
14,Multiple Choice,建设()、()和发展利益相适应的巩固国防和强大人民军队，是新时代党和国家事业发展的必然要求。,A. 同国家安全;B. 同我国国际地位相称;C. 同国家富强;D. 同人民幸福,AB
14,Multiple Choice,新时代，我们党全面实施改革强军战略，大刀阔斧深化国防和军队改革，按照()、()、()的总原则改革领导指挥体制。,A. 军队主练;B. 军种主建;C. 军委管总;D. 战区主战,BCD
14,Multiple Choice,建设巩固国防和强大人民军队的原因有()。,A. 当今世界百年未有之大变局加速演进;B. 国际军事竞争日趋激烈;C. 我军需要一场革命性变革;D. 我国处于由大向强发展的关键阶段,ABCD
14,Multiple Choice,党对人民军队的绝对领导，是()、()。,A. 执政之源;B. 建军之本;C. 强军之魂;D. 立党之基,BC
14,Multiple Choice,新的征程上，开创国防和军队现代化新局面，必须全面推进()、()、()、()、()。政治建军、改革强军、科技强军、人才强军、依法治军。,A. 政治建军;B. 科技强军;C. 改革强军;D. 人才强军;E. 依法治军,ABCDE
14,Multiple Choice,全面加强练兵备战需要()、()、()、()。,A. 培育“一不怕苦、二不怕死”的战斗精神;B. 创新军事战略指导;C. 深入推进实战化军事训练;D. 树立战斗力这个唯一的根本的标准,ABCD
14,Multiple Choice,明确党在新时代的强军目标是建设一支()的人民军队，把人民军队建设成为世界一流军队。,A. 能打胜仗;B. 作风优良;C. 听党指挥;D. 艰苦奋斗,ABC
14,True or False,坚持人民至上是人民军队永远不变的军魂。,A. 对;B. 错,B
14,True or False,军政军民团结是实现富国和强军相统一的重要政治保障。,A. 对;B. 错,A
14,True or False,听党指挥是灵魂，决定军队建设的政治方向。,A. 对;B. 错,A
14,True or False,党的十九大提出，到2035年把人民军队全面建成世界一流军队。,A. 对;B. 错,B
14,True or False,政治建军是人民军队的立军之本。,A. 对;B. 错,A
15,Single Choice,全面贯彻新时代党解决台湾问题的总体方略，必须坚持“和平统一、一国两制”基本方针，这是统一的()。,A. 实践途径;B. 战略支撑;C. 大政方针;D. 政治基础,C
15,Single Choice,在“一国两制”方针中，全面管治权和高度自治权在本质上是统一的。全面管治权是授权特别行政区高度自治的前提和基础，高度自治权是中央行使全面管治权的()。,A. 体现;B. 核心;C. 途径;D. 方式,A
15,Single Choice,“一国两制”伟大构想，最早是针对()问题提出来的。,A. 台湾;B. 澳门;C. 香港;D. 西藏,A
15,Single Choice,“一国两制”既体现了实现祖国统一、维护国家主权的()，又充分考虑香港、澳门的历史和现实，体现了高度的()。,A. 唯一性，可变性;B. 固定性，不固定性;C. 统一性，多样性;D. 原则性，灵活性,D
15,Single Choice,“一国两制”制度以宪法和基本法为基础，保持香港、澳门原有的资本主义制度和生活方式不变、()基本不变。,A. 治理模式;B. 法律;C. 经济制度;D. 秩序,B
15,Single Choice,全面贯彻新时代党解决台湾问题的总体方略，必须坚持党中央对对台工作的集中统一领导，这是统一的()。,A. 基本方向;B. 根本途径;C. 根本保证;D. 基本方针,C
15,Single Choice,在特别行政区中，要坚持以()为核心的行政主导体制，支持行政长官和特别行政区政府依法施政、积极作为。,A. 行政长官;B. 基本法;C. 政府;D. 宪法,A
15,Single Choice,“一国两制”伟大构想，首先运用于解决()问题。,A. 香港和澳门;B. 台湾;C. 澳门;D. 香港,A
15,Single Choice,“一国两制”是中国特色社会主义制度创新的重要成果，这一制度以()为基础。,A. 基本法;B. 特别行政区法;C. 宪法;D. 宪法和基本法,D
15,Single Choice,()，中国政府回复对香港行使主权，香港回到了祖国怀抱。,A. 1997年7月1日;B. 1997年5月1日;C. 1998年7月1日;D. 1998年5月1日,A
15,Single Choice,宪法和基本法共同构成特别行政区的宪制基础，其中宪法是国家根本大法，是特别行政区制度的()。,A. 法律基础;B. 法律核心;C. 法律前提;D. 法律渊源,D
15,Single Choice,“一国两制”方针的最高原则是()。,A. 中国特色社会主义;B. 和平统一;C. 中华民族伟大复兴;D. 维护国家主权、安全和发展利益,D
15,Single Choice,在中央政府、香港特别行政区政府和社会各界的共同努力下，香港已实现由乱到治的重大转折，正处在()的关键时期。,A. 由治及兴;B. 稳步前进;C. 飞速发展;D. 加速发展,A
15,Single Choice,1987年4月13日，中葡两国政府关于澳门问题的联合声明在北京正式签署。()，澳门回到了祖国怀抱。,A. 1999年12月1日;B. 1998年12月1日;C. 1998年7月1日;D. 1999年12月20日,D
15,Single Choice,全面贯彻新时代党解决台湾问题的总体方略，必须坚持在()进程中推进祖国统一，这是统一的历史方位。,A. 社会主义现代化;B. 中国式现代化;C. 中华民族伟大复兴;D. 适应经济全球化发展趋势,C
15,Multiple Choice,全面贯彻新时代党解决台湾问题的总体方略，必须坚持“和平统一、一国两制”基本方针，这是统一的()，坚持一个中国原则和“九二共识”，这是统一的()，坚持推动另案关系和平发展、融合发展，这是统一的()。,A. 大政方针;B. 根本保证;C. 政治基础;D. 实践途径,ACD
15,Multiple Choice,在中华民族的发展进程中，()始终是全民族的主流价值观。,A. 自强不息;B. 反对分裂;C. 勤劳勇敢;D. 追求统一,BD
15,Multiple Choice,“一国两制”伟大构想体现了中国共产党的政治智慧和开拓创新的勇气，体现了中华民族()的精神特质和中国特色社会主义制度的先进性质。,A. 追求统一;B. 反对分裂;C. 勤劳勇敢;D. 爱好和平,ABD
15,Multiple Choice,中央全力支持香港抓住国家发展带来的历史机遇，主动对接()等国家战略。,A. 粤港澳大湾区建设;B. “一带一路”高质量发展;C. 西部大开发;D. “十四五”规划,ABD
15,Multiple Choice,作为直辖于中央人民政府的香港、澳门特别行政区，享有高度自治权，包括()。,A. 监察权;B. 独立的司法权和终审权;C. 立法权;D. 行政管理权,BCD
15,Multiple Choice,两岸要应通尽通，提升经贸合作畅通、基础设施联通、能源资源互通、行业标准共通，率先实现金门、马祖同福建沿海地区()，推动两岸贸易和台商对大陆投资增长。,A. 通电;B. 通水;C. 通桥;D. 通气,ABCD
15,Multiple Choice,我们坚持一个中国原则和“九二共识”，在此基础上推进同台湾()人士就两岸关系和国家统一开展广泛深入协商，共同推动两岸关系和平发展、推进祖国和平统一进程。,A. 各党派;B. 各阶层;C. 各方面;D. 各界别,ABD
15,Multiple Choice,“一国两制”的根本宗旨是维护国家()，保持香港、澳门长期繁荣稳定。,A. 和平;B. 安全;C. 主权;D. 发展利益,BCD
15,Multiple Choice,党的十八大以来，以习近平同志为核心的党中央从实现中华民族伟大复兴的全局高度，全面准确、坚定不移贯彻()的方针，推动香港进入又乱到治走向由治及兴的新阶段。,A. 高度自治;B. “一国两制”;C. “澳人治澳”;D. “港人治港”,ABCD
15,Multiple Choice,特别行政区的一切()行为都必须符合宪法和基本法，以宪法和基本法作为最高准则。,A. 立法;B. 监察;C. 司法;D. 行政,ACD
15,Multiple Choice,在确保国家主权、安全、发展利益的前提下，台湾同胞的社会制度和生活方式等将得到充分尊重，台湾同胞的()将得到充分保障。,A. 合法权益;B. 宗教信仰;C. 私人财产;D. 基本需求,ABC
15,Multiple Choice,香港、澳门特别行政区政府大力加强对香港澳门社会特别是青少年的()，增强香港、澳门青少年的国家意识和爱国精神。,A. 中国历史和中华文化教育;B. 宪法和基本法教育;C. 国情教育;D. 通识教育,ABC
15,Multiple Choice,两岸要应通尽通，提升经贸合作()、基础设施()、能源资源()、行业标准()，率先实现金门、马祖同福建沿海地区通水、通电、通气、通桥，推动两岸贸易和台商对大陆投资增长。,A. 畅通;B. 互通;C. 联通;D. 共通,ABCD
15,Multiple Choice,要增强港澳同胞的民族自豪感、主人翁意识和投身“一国两制”事业的()。,A. 责任感;B. 自豪感;C. 使命感;D. 安全感,AC
15,Multiple Choice,全面贯彻新时代党解决台湾问题的总体方略，必须坚持党中央对对台工作的集中统一领导，这是统一的()，坚持在中华民族伟大复兴进程中推进祖国统一，这是统一的()，坚持在祖国大陆发展进步的基础上解决台湾问题，这是统一的()。,A. 历史方位;B. 战略思路;C. 重要途径;D. 根本保证,ABD
15,True or False,民族复兴、国家统一是大势所趋、大义所在、民心所向。,A. 对;B. 错,A
15,True or False,技术人才是港澳长期繁荣稳定的希望和未来。,A. 对;B. 错,B
15,True or False,特别行政区基本法是特别行政区的宪制基础。,A. 对;B. 错,B
15,True or False,“一国两制”是香港、澳门回归后保持长期繁荣稳定的最佳制度安排。,A. 对;B. 错,A
15,True or False,作为一项基本国策，“一国两制”是指在统一的国家内，国家主体实行社会主义制度，个别地区实行资本主义制度。,A. 对;B. 错,A
16,Single Choice,中国特色大国外交牢牢把握服务民族复兴、()这条主线。,A. 促进中国发展;B. 促进全球发展;C. 促进全球合作;D. 促进人类进步,D
16,Single Choice,构建人类命运共同体思想的核心是“建设持久和平、普遍安全、共同繁荣、()、清洁美丽的世界”,A. 相互尊重;B. 平等协商;C. 合作共赢;D. 开放包容,D
16,Single Choice,中国特色大国外交建立在正确的历史观、()、角色观基础之上。,A. 长远观;B. 世界观;C. 大局观;D. 文化观,C
16,Single Choice,中国对外政策的基本原则是(),A. 和平共处五项原则;B. 独立自主;C. 加强与第三世界国家的团结与合作;D. 促进世界和平与发展,B
16,Single Choice,和平共处五项原则的精髓是(),A. 平等互利;B. 互不侵犯;C. 国家主权平等;D. 互不干涉内政,C
16,Single Choice,中国始终高举和平、发展、合作、()旗帜。,A. 安全;B. 独赢;C. 共赢;D. 团结,C
16,Single Choice,()是世界的基本特征，也是人类进步的源泉。,A. 物种多样性;B. 生物多样性;C. 文明多样性;D. 文化多样性,C
16,Single Choice,中国特色大国外交坚持走()发展道路,A. 自主;B. 和平;C. 合作;D. 不合作,B
16,Single Choice,当今世界和平与发展的最大威胁(),A. 霸权主义、强权政治和冷战思维;B. 宗教纷争;C. 领土争端;D. 民族矛盾,A
16,Single Choice,中国特色大国外交构建对话不对抗、()的伙伴关系,A. 组队;B. 结盟;C. 结伴不结盟;D. 结伴,C
16,Single Choice,中国特色大国外交紧紧围绕()历史任务。,A. 实现第二个百年奋斗目标;B. 全面建成小康社会;C. 实现共产主义;D. 中华民族伟大复兴,D
16,Single Choice,新时代新征程，要继续全面推进我国对外工作，不断开创中国特色大国外交，推动构(),A. 新发展格局;B. 和谐世界;C. 人类命运共同体;D. 高质量发展,C
16,Single Choice,我国秉持真实亲诚理念和正确()，加强同发展中国家团结合作。,A. 大局观;B. 义利观;C. 荣辱观;D. 合作观,B
16,Single Choice,中国特色大国外交坚持亲诚惠容与邻为善、()的周边外交外交方针。,A. 和平共处;B. 以邻为伴;C. 总体稳定;D. 均衡发展,B
16,Single Choice,()是发展的前提，是人类最基本最普遍的愿望，是各国人民根本 利益所在。,A. 合作;B. 自强;C. 稳定;D. 安全,D
16,Multiple Choice,中国特色大国外交建立在正确的()、()、()基础之上。,A. 历史观;B. 文化观;C. 角色观;D. 大局观,ACD
16,Multiple Choice,人类命运共同体就是建设持久和平()()()()的世界。,A. 给共同繁荣;B. 清洁美丽;C. 开放包容;D. 普遍安全,ABCD
16,Multiple Choice,当前国际局势变化体现在:(),A. 各国只合作无对抗;B. 新一轮科技革命和产业革命深入发展;C. 国际力量对比深刻变化;D. 国际体系和国际秩序深度调整,BCD
16,Multiple Choice,中国始终高举()()()()的旗帜,A. 发展;B. 合作;C. 共赢;D. 和平,ABCD
16,Multiple Choice,中国愿意同世界各国人民和睦相 处、和谐发展()()(),A. 共享和平                                                                                                                                                                                                                                                                                                                                                                                       ;B. 共创发展;C. 共护和平;D. 共谋和平,ACD
16,Multiple Choice,我国对外不断拓展()()()外交布局,A. 宽领域;B. 立体化外交布局                                                                                                                                                      ;C. 全方位;D. 多层次,BCD
16,Multiple Choice,一带一路秉持()()()原则,A. 共治;B. 共建;C. 共商;D. 共享,BCD
16,Multiple Choice,推动构建新型国际关系，就是要秉持()()()原则,A. 合作共赢;B. 相互尊重;C. 互相协商;D. 公平正义,ABD
16,Multiple Choice,推进大国协调合作，构建()()()的大国关 系格局，是中国对外关系的重要内容。,A. 以邻为善;B. 和平共处;C. 总体稳定;D. 均衡发展,BCD
16,Multiple Choice,开放包容的世界不同文化要()()(),A. 要竞争低不要平等;B. 要交流不要取代;C. 要包容不要冲突;D. 要对话不要对立,BCD
16,Multiple Choice,我国始终做()、()、()、,A. 全球发展的贡献者;B. 始终做世界和平的建设者;C. 国际秩序的维护者;D. 国际秩序的制定者,ABC
16,Multiple Choice,新型国际关系是()()(),A. 合作共赢;B. 互相尊重;C. 公平正义;D. 对抗结盟,ABC
16,Multiple Choice,维护国家主权、安全、发展利益，必须()(),A. 敢于斗争;B. 善于斗争;C. 乐于斗争;D. 勇于斗争,AB
16,Multiple Choice,维护国家()()()利益是我国对外工作的出发点和落脚点,A. 主权;B. 安全;C. 发展;D. 国防,ABC
16,Multiple Choice,2015年9月，习近平出席第七十届联合国大会一般性辩论时明确指出:()()()()民主、自由，是全人类的共同价值。,A. 公平;B. 正义;C. 和平;D. 发展,ABCD
16,True or False,中国始终高举和平、发展、合作、共赢旗帜，在快速变革的世界中 牢牢把握大变局的发展方向。,A. 对;B. 错,A
16,True or False,推动构建新型国际关系，就是要秉持相互尊重、公平正义、合作共 赢原则，走出一条对话而不对抗、结伴而不结盟的国与国交往新路,A. 对;B. 错,A
16,True or False,构建人类命运共同体，努力形成相互尊重、公平正义、共同繁荣的新型国际关系。,A. 对;B. 错,B
16,True or False,推进大国协调合作，构建和平共处、总体稳定、以邻为伴的大国关系格局，是中国对外关系的重要内容。,A. 对;B. 错,B
16,True or False,推进多边合作，不断拓展全方位、多层次、立体化外交布  局，打造遍布全球的朋友圈,A. 对;B. 错,A
17,Single Choice,高度重视和不断加强党的自身建设，是中国共产党从小到大、由弱到强，从挫折中奋起、在战胜困难中不断成熟的一大法宝，也是党领导的伟大事业不断取得胜利的根本保证。中国特色社会主义进入新时代，党的建设的根本方针是,A. 全面加强党的执政本领;B. 坚持党要管党、全面从严治党;C. 坚持解放思想、改革创新;D. 全面推进党的政治建设,B
17,Single Choice,歌曲《不忘初心》的歌词”你是我的一切我的全部“中所提到的“你”是指:,A. 人民;B. 人民子弟兵;C. 习近平;D. 中国共产党,A
17,Single Choice,党的作风问题核心是()。,A. 反腐败问题;B. 党同人民群众的关系问题;C. 全面从严治党问题;D. 有严明的纪律和规矩,B
17,Single Choice,新时代党的建设的总要求中，作为新时代党的建设的主线的是,A. 党的政治建设;B. 加强党的长期执政能力建设、先进性和纯洁性建设;C. 坚定理想信念宗旨;D. 调动全党积极性、主动性、创造性,B
17,Single Choice,深入推进全面从严治党，必须把思想建设作为()，教育引导党员干部用习近平新时代中国特色社会主义思想凝心铸魂。,A. 核心;B. 关键;C. 基础性建设;D. 根本性建设,C
17,Single Choice,把党的建设作为一项伟大工程来推进，是我们党的一大创举，是我们党领导人民进行伟大社会革命的重要法宝。深入推进新时代党的建设新的伟大工程，必须注重系统性整体性协同性，以()为统领持续抓好党的各方面建设，不断提高党的建设质量，为坚持和发展中国特色社会主义提供坚强政治保证。,A. 制度建设;B. 政治建设;C. 思想建设;D. 组织建设,B
17,Single Choice,()是危害党的生命力和战斗力的最大毒瘤，是党长期执政面临的最大威胁。,A. 官僚主义;B. 享乐主义;C. 脱离群众;D. 腐败,D
17,Single Choice,全面从严治党的治本之策是加强党的,A. 组织建设;B. 思想建设;C. 作风建设;D. 纪律建设,D
17,Single Choice,深入落实新时代党的组织路线，增强党组织政治功能和组织功能，()是重点。,A. 建设高素质专业化干部队伍;B. 加强党中央对基层党组织的领导;C. 坚持党管干部原则;D. 严密党的组织体系,D
17,Single Choice,"党的十九大首次把党的政治建设纳入党的建设总体布局，并强调“以党的政治建设为统领”“把党的政治建设摆在首位”,凸显党的政治建设的极端重要性，这是党的建设理论和实践的重大创新。党的政治建设的首要任务是",A. 保证全党服从中央，坚持党中央权威和集中统一领导;B. 夺取反腐败斗争压倒性胜利;C. 严肃党内政治生活;D. 坚定理想信念,A
17,Single Choice,全面从严治党永远在路上，党的自我革命永远在路上，决不能有松劲歇脚、疲劳厌战的情绪，必须持之以恒推进全面从严治党，深入推进新时代党的建设新的伟大工程，以党的自我革命引领社会革命。最彻底的自我革命是,A. 让人民来监督政府;B. 反腐败;C. 党风廉政建设;D. 作风建设常态化长效化,B
17,Single Choice,中国共产党最鲜明的品格是,A. 谦虚谨慎、不骄不躁;B. 密切联系群众;C. 理论联系实际;D. 勇于自我革命,D
17,Single Choice,党的()是党的根本性建设。,A. 组织建设;B. 政治建设;C. 制度建设;D. 思想建设,B
17,Single Choice,2021年11月11日，习近平在党的十九届六中全会第二次全体会议上的讲话指出:我们党历史这么长、规模这么大、执政这么久，如何跳出治乱兴衰的历史周期率?毛泽东同志在延安的窑洞里给出了第一个答案，经过百年奋斗特别是党的十八大以来新的实践，我们党又给出了第二个答案，这就是,A. 让人民来监督政府;B. 民主;C. 自我革命;D. 社会革命,C
17,Single Choice,()就是党的形象，关系人心向背，关系党的生死存亡。,A. 领袖形象;B. 党的纪律;C. 党员形象;D. 党的作风,D
17,Multiple Choice,全面从严治党永远在路上。这是,A. 由全面从严治党在党和国家事业发展中的根本性作用决定的;B. 深入解决党内突出矛盾和问题的需要;C. 有效应对执政考验、改革开放考验、市场经济考验、外部环境考验的必然选择;D. 有效应对精神懈怠危险、能力不足危险、脱离群众危险、消极腐败危险的必然选择,ABCD
17,Multiple Choice,习近平指出，要始终不忘中国共产党是什么、要干什么这个根本问题，始终牢记“三个务必”，“三个务必”包括:,A. 务必敢于斗争、善于斗争;B. 务必不忘初心、牢记使命;C. 务必谦虚谨慎、艰苦奋斗;D. 务必戒骄戒躁、艰苦奋斗,ABC
17,Multiple Choice,党中央全面加强授权、用权、制权等环节的法规制度建设，依纪依法()，为系统施治、标本兼治提供了制度支撑。,A. 设定权力;B. 监督权力;C. 制约权力;D. 规范权力,ABCD
17,Multiple Choice,要落实新时代党的建设总要求，把全的要求、严的基调、治的理念落实到全面从严治党全过程，要做到:(),A. 坚持责任上全链条;B. 坚持内容上全覆盖;C. 坚持制度上全贯通;D. 坚持对象上全覆盖,ABCD
17,Multiple Choice,深入推进全面从严治党，必须把思想建设作为基础性建设，是因为:,A. 加强思想建设是坚守理想信念、坚定革命意志的前提。;B. 加强思想建设是贯彻党的理论和路线方针政策、推进党和国家事业发展的重要保障。;C. 加强思想建设是保持政治上清醒坚定、行动上团结统一的要求。;D. 思想建设带有根本性、全局性、稳定性、长期性。,ABC
17,Multiple Choice,党的十九大报告提出，党的政治建设,A. 摆在党的各项建设的首位;B. 是新时代党的建设的着力点;C. 是党的根本性建设;D. 是新时代党的建设总要求的统领,ACD
17,Multiple Choice,全面建设社会主义现代化国家，必须有一支政治过硬、适应新时代要求、具备领导现代化建设能力的干部队伍。要坚持党管干部原则，坚持()，把新时代好干部标准落到实处。,A. 任人唯贤;B. 以德为先;C. 德才兼备;D. 五湖四海,ABCD
17,Multiple Choice,党的先进性和党的执政地位不是一劳永逸、一成不变的，建设什么样的长期执政的马克思主义政党、怎样建设长期执政的马克思主义政党，是我们党必须回答好的重大时代课题。新征程上，必须,A. 以伟大社会革命促进伟大自我革命;B. 确保党及其领导的伟大事业永葆生机、永续发展;C. 时刻保持解决大党独有难题的清醒和坚定;D. 以伟大自我革命引领伟大社会革命,ABCD
17,Multiple Choice,坚持制度治党、依规治党，就是靠制度(),A. 管人;B. 管权;C. 管党;D. 管事,ABD
17,Multiple Choice,党的十九大报告把党的政治建设摆在首位，作为第一项重要任务予以部署，这是因为,A. 政治属性是政党的第一属性;B. 党的政治建设是党的根本性建设，决定党的建设方向和效果;C. 旗帜鲜明讲政治是我们党作为马克思主义政党的根本要求;D. 党的政治建设是党的基础性建设，是党最鲜明的品格,ABC
17,Multiple Choice,办好中国的事情，关键在党，关键在坚持党要管党、全面从严治党。勇于自我革命，是我们党,A. 最大的优势;B. 区别于世界上其他政党的显著标志;C. 跳出治乱兴衰历史周期率的第二个答案;D. 最鲜明的品格,ABCD
17,Multiple Choice,勇于自我革命就要同一切影响党的先进性、弱化党的纯洁性的问题作坚决斗争，实现(),A. 自我净化;B. 自我完善;C. 自我提高;D. 自我革新,ABCD
17,Multiple Choice,党的十九大提出以党的政治建设为统领，全面推进党的政治建设、思想建设、组织建设、作风建设、纪律建设，把制度建设贯穿其中，并特别强调把党的政治建设放在首位，之所以要把党的政治建设摆在首位，是因为,A. 旗帜鲜明讲政治是我们党作为马克思主义政党的根本要求;B. 政治属性是政党的第一属性;C. 政治建设是党的根本性建设，决定党的建设方向和效果;D. 坚定政治立场是党的根本宗旨,ABC
17,Multiple Choice,全面从严治党是一场伟大的自我革命。中国共产党之所以有自我革命的勇气，是因为,A. 党就是在不断自我批评、自我革命中成长成熟的;B. 党除了国家、民族、人民的利益，没有任何自己的特殊利益;C. 不断进行自我革命是党长期以来形成的优良传统和成功经验;D. 党要实现崇高使命，永葆先进性和纯洁性，必须以彻底的自我革命推动深刻的社会革命,ABCD
17,Multiple Choice,标本兼治是新时代推进反腐败斗争的鲜明特征，既以治标遏制腐败势头，更注重治本夯实防腐的基础。以习近平同志为核心的党中央坚持反腐败无禁区、全覆盖、零容忍，以雷霆之势、霹雳手段惩治腐败，对权力进行制约和监督，持续形成强大威慑，成功走出一条依靠制度优势、法治优势反腐败之路。包括:,A. “打虎”“拍蝇”“猎狐”多管齐下;B. 构建起党全面领导的反腐败工作格局;C. 把权力关进制度的笼子里;D. 勇于自我革命,ABC
17,True or False,党的思想建设是党的根本性建设。,A. 对;B. 错,B
17,True or False,党的自我革命是跳出历史周期率的第二个答案。,A. 对;B. 错,A
17,True or False,旗帜鲜明讲政治是我们党作为马克思主义政党的根本要求。,A. 对;B. 错,A
17,True or False,腐败是危害党的生命力和战斗力的最大毒瘤，是党长期执政面临的最大威胁。,A. 对;B. 错,A
17,True or False,勇于自我革命，是中国共产党区别于其他政党的显著标志，也是我们党最大的优势、最鲜明的品格。,A. 对;B. 错,A
